{
  "episode": 0,
  "container_size": [
    58,
    56,
    80
  ],
  "cube_definition": [
    [
      14.15,
      18.1,
      10.2,
      43.85,
      37.9,
      0.0,
      1
    ],
    [
      18.1,
      14.15,
      10.2,
      0.0,
      23.75,
      0.0,
      2
    ],
    [
      15.75,
      12.85,
      9.9,
      18.1,
      0.0,
      0.0,
      3
    ],
    [
      15.8,
      12.5,
      4.5,
      0.0,
      11.25,
      0.0,
      4
    ],
    [
      11.75,
      13.3,
      8.8,
      46.25,
      42.7,
      10.2,
      5
    ],
    [
      12.0,
      16.9,
      9.7,
      46.0,
      21.0,
      0.0,
      6
    ],
    [
      12.45,
      17.05,
      8.6,
      45.55,
      3.95,
      0.0,
      7
    ],
    [
      17.35,
      12.6,
      8.7,
      28.2,
      12.85,
      0.0,
      8
    ],
    [
      15.55,
      11.15,
      7.5,
      28.3,
      12.85,
      8.7,
      9
    ],
    [
      17.4,
      22.65,
      15.9,
      26.45,
      33.35,
      0.0,
      10
    ],
    [
      12.05,
      19.2,
      9.2,
      0.0,
      23.5,
      10.2,
      11
    ],
    [
      15.75,
      23.75,
      15.8,
      12.05,
      0.0,
      9.9,
      12
    ],
    [
      23.75,
      15.75,
      15.8,
      22.5,
      40.25,
      15.9,
      13
    ],
    [
      17.15,
      10.45,
      8.2,
      0.0,
      29.8,
      19.4,
      14
    ],
    [
      17.15,
      10.45,
      8.2,
      0.0,
      45.55,
      0.0,
      15
    ],
    [
      9.8,
      12.5,
      8.5,
      33.85,
      0.35,
      0.0,
      16
    ],
    [
      12.5,
      9.8,
      8.5,
      45.5,
      0.0,
      8.6,
      17
    ],
    [
      11.15,
      17.0,
      8.8,
      46.85,
      0.0,
      17.1,
      18
    ],
    [
      15.4,
      15.6,
      14.8,
      31.45,
      14.2,
      16.2,
      19
    ],
    [
      17.5,
      12.75,
      10.4,
      40.5,
      0.0,
      25.900000000000002,
      20
    ],
    [
      11.0,
      16.95,
      10.4,
      46.85,
      17.0,
      9.7,
      21
    ],
    [
      14.5,
      16.45,
      11.2,
      43.5,
      0.0,
      36.300000000000004,
      22
    ],
    [
      15.75,
      14.95,
      3.9,
      27.75,
      41.05,
      31.700000000000003,
      23
    ],
    [
      12.3,
      18.8,
      12.4,
      31.2,
      12.75,
      31.0,
      24
    ],
    [
      21.45,
      18.9,
      17.6,
      36.55,
      0.0,
      47.5,
      25
    ],
    [
      19.25,
      14.65,
      7.5,
      0.0,
      26.4,
      27.599999999999998,
      26
    ],
    [
      12.45,
      20.75,
      16.6,
      18.75,
      0.0,
      25.700000000000003,
      27
    ],
    [
      15.1,
      11.3,
      6.7,
      21.45,
      0.0,
      42.300000000000004,
      28
    ],
    [
      17.45,
      10.85,
      10.6,
      0.0,
      45.15,
      8.2,
      29
    ],
    [
      13.3,
      10.35,
      6.7,
      0.0,
      45.65,
      18.799999999999997,
      30
    ],
    [
      9.35,
      12.95,
      6.2,
      0.0,
      43.05,
      25.499999999999996,
      31
    ],
    [
      21.95,
      15.65,
      15.8,
      0.0,
      25.4,
      35.099999999999994,
      32
    ],
    [
      13.6,
      18.85,
      6.7,
      44.4,
      0.0,
      65.1,
      33
    ],
    [
      10.0,
      15.7,
      9.2,
      34.4,
      0.0,
      65.1,
      34
    ],
    [
      9.55,
      15.0,
      6.1,
      48.45,
      18.9,
      20.1,
      35
    ],
    [
      10.7,
      15.6,
      7.5,
      44.4,
      0.0,
      71.8,
      36
    ],
    [
      12.7,
      15.2,
      6.9,
      6.05,
      10.2,
      25.700000000000003,
      37
    ],
    [
      11.1,
      17.55,
      10.8,
      23.3,
      0.0,
      49.00000000000001,
      38
    ],
    [
      16.25,
      18.95,
      3.9,
      0.0,
      18.85,
      50.89999999999999,
      39
    ],
    [
      15.2,
      13.4,
      4.3,
      0.0,
      42.6,
      31.699999999999996,
      40
    ],
    [
      13.8,
      17.8,
      9.6,
      0.0,
      17.55,
      54.79999999999999,
      41
    ],
    [
      11.55,
      15.05,
      8.3,
      0.0,
      18.9,
      64.39999999999999,
      42
    ],
    [
      10.0,
      12.1,
      7.8,
      48.0,
      43.9,
      19.0,
      43
    ],
    [
      13.65,
      13.4,
      12.1,
      0.0,
      42.6,
      35.99999999999999,
      44
    ],
    [
      17.15,
      12.9,
      8.7,
      0.0,
      43.1,
      48.099999999999994,
      45
    ],
    [
      15.25,
      11.9,
      6.8,
      19.15,
      7.0,
      59.80000000000001,
      46
    ],
    [
      14.3,
      17.95,
      4.5,
      20.1,
      0.0,
      66.60000000000001,
      47
    ],
    [
      17.25,
      12.4,
      9.1,
      21.95,
      43.6,
      35.6,
      48
    ],
    [
      12.4,
      17.35,
      8.9,
      21.95,
      38.65,
      44.7,
      49
    ],
    [
      12.7,
      15.65,
      4.9,
      0.0,
      40.35,
      56.8,
      50
    ],
    [
      15.65,
      12.7,
      4.9,
      34.35,
      18.9,
      43.4,
      51
    ],
    [
      9.95,
      16.85,
      7.8,
      0.0,
      39.15,
      61.699999999999996,
      52
    ],
    [
      16.75,
      9.15,
      6.2,
      17.65,
      46.85,
      53.6,
      53
    ],
    [
      9.15,
      16.75,
      6.2,
      46.25,
      39.25,
      26.8,
      54
    ],
    [
      23.55,
      17.2,
      13.2,
      20.85,
      38.8,
      59.800000000000004,
      55
    ],
    [
      14.65,
      19.45,
      7.3,
      19.75,
      0.0,
      71.10000000000001,
      56
    ],
    [
      12.75,
      15.8,
      10.2,
      45.25,
      40.2,
      33.0,
      57
    ],
    [
      15.8,
      16.75,
      7.7,
      0.0,
      39.25,
      69.5,
      58
    ],
    [
      16.7,
      14.4,
      6.5,
      0.0,
      24.85,
      72.69999999999999,
      59
    ],
    [
      14.4,
      16.7,
      6.5,
      16.7,
      39.3,
      73.0,
      60
    ],
    [
      14.4,
      16.7,
      6.5,
      31.1,
      39.3,
      73.0,
      61
    ],
    [
      17.5,
      13.3,
      8.8,
      34.4,
      18.9,
      48.3,
      62
    ]
  ],
  "statistics": {
    "packed_count": 62,
    "total_items": 100,
    "space_ratio": 0.503387953163485,
    "total_reward": 5.0338795316348515,
    "timestamp": "2026-01-17T11:47:53.450465"
  }
}