{
  "episode": 21,
  "container_size": [
    58,
    56,
    80
  ],
  "cube_definition": [
    [
      17.15,
      13.8,
      9.2,
      40.85,
      42.2,
      0.0,
      1
    ],
    [
      17.15,
      13.8,
      9.2,
      0.0,
      0.0,
      0.0,
      2
    ],
    [
      13.3,
      19.4,
      8.4,
      0.0,
      0.0,
      9.2,
      3
    ],
    [
      24.45,
      12.95,
      11.2,
      33.55,
      43.05,
      9.2,
      4
    ],
    [
      14.9,
      11.25,
      10.7,
      43.1,
      0.0,
      0.0,
      5
    ],
    [
      22.1,
      17.65,
      8.9,
      21.0,
      0.0,
      0.0,
      6
    ],
    [
      17.4,
      12.8,
      9.3,
      13.3,
      43.2,
      0.0,
      7
    ],
    [
      20.25,
      15.15,
      10.2,
      37.75,
      27.05,
      0.0,
      8
    ],
    [
      19.0,
      16.3,
      12.9,
      0.0,
      19.4,
      0.0,
      9
    ],
    [
      9.1,
      11.15,
      13.4,
      19.0,
      32.05,
      0.0,
      10
    ],
    [
      17.65,
      12.7,
      8.8,
      13.3,
      30.35,
      13.4,
      11
    ],
    [
      12.35,
      17.25,
      10.6,
      0.95,
      38.75,
      0.0,
      12
    ],
    [
      16.45,
      21.6,
      7.8,
      30.95,
      34.4,
      20.4,
      13
    ],
    [
      12.35,
      10.15,
      7.8,
      19.0,
      20.2,
      0.0,
      14
    ],
    [
      9.5,
      12.4,
      7.9,
      0.0,
      19.4,
      12.9,
      15
    ],
    [
      16.5,
      14.7,
      2.7,
      41.5,
      0.0,
      10.7,
      16
    ],
    [
      13.95,
      18.9,
      8.8,
      27.55,
      0.0,
      8.9,
      17
    ],
    [
      13.25,
      19.85,
      7.4,
      44.75,
      0.0,
      13.399999999999999,
      18
    ],
    [
      17.4,
      12.6,
      8.8,
      0.0,
      43.4,
      10.6,
      19
    ],
    [
      23.006,
      13.8,
      12.2,
      0.0,
      0.0,
      17.6,
      20
    ],
    [
      13.2,
      16.25,
      8.2,
      30.95,
      0.0,
      17.700000000000003,
      21
    ],
    [
      15.8,
      15.6,
      8.8,
      0.0,
      13.8,
      20.8,
      22
    ],
    [
      12.65,
      17.0,
      8.7,
      0.0,
      39.0,
      19.4,
      23
    ],
    [
      12.65,
      17.0,
      8.7,
      44.15,
      0.0,
      20.799999999999997,
      24
    ],
    [
      22.95,
      19.85,
      17.9,
      0.0,
      36.15,
      28.099999999999998,
      25
    ],
    [
      14.25,
      13.7,
      11.2,
      29.9,
      0.0,
      25.900000000000002,
      26
    ],
    [
      18.05,
      18.4,
      5.8,
      0.0,
      17.75,
      29.6,
      27
    ],
    [
      16.45,
      10.8,
      8.0,
      0.0,
      0.0,
      29.8,
      28
    ],
    [
      12.6,
      17.25,
      9.1,
      45.4,
      0.0,
      29.499999999999996,
      29
    ],
    [
      16.4,
      10.75,
      8.0,
      19.0,
      18.9,
      7.8,
      30
    ],
    [
      9.05,
      22.05,
      6.5,
      48.95,
      21.0,
      10.2,
      31
    ],
    [
      19.05,
      18.75,
      10.3,
      0.0,
      0.0,
      37.8,
      32
    ],
    [
      21.3,
      16.4,
      10.8,
      36.7,
      0.0,
      38.599999999999994,
      33
    ],
    [
      15.2,
      10.5,
      8.4,
      42.8,
      23.9,
      16.7,
      34
    ],
    [
      25.75,
      19.6,
      5.0,
      0.0,
      0.0,
      48.099999999999994,
      35
    ],
    [
      14.15,
      19.3,
      10.2,
      0.0,
      36.7,
      46.0,
      36
    ],
    [
      25.8,
      19.7,
      5.2,
      32.2,
      36.3,
      28.2,
      37
    ],
    [
      18.7,
      11.45,
      6.0,
      0.0,
      24.7,
      35.4,
      38
    ],
    [
      16.4,
      21.3,
      3.8,
      14.15,
      0.0,
      53.099999999999994,
      39
    ],
    [
      19.4,
      10.5,
      10.2,
      0.0,
      21.3,
      41.4,
      40
    ],
    [
      21.9,
      22.8,
      12.7,
      36.1,
      33.2,
      33.4,
      41
    ],
    [
      12.25,
      15.4,
      6.8,
      14.15,
      31.8,
      46.0,
      42
    ],
    [
      11.5,
      14.65,
      7.2,
      0.0,
      41.35,
      56.2,
      43
    ],
    [
      17.35,
      9.7,
      8.6,
      40.65,
      21.3,
      25.1,
      44
    ],
    [
      17.15,
      17.7,
      4.5,
      40.85,
      0.0,
      49.39999999999999,
      45
    ],
    [
      17.45,
      12.65,
      9.3,
      30.55,
      43.35,
      46.099999999999994,
      46
    ],
    [
      16.3,
      15.75,
      7.8,
      0.0,
      40.25,
      63.400000000000006,
      47
    ],
    [
      8.55,
      14.4,
      4.8,
      49.45,
      41.6,
      46.099999999999994,
      48
    ],
    [
      14.55,
      24.55,
      11.9,
      43.45,
      0.0,
      53.89999999999999,
      49
    ],
    [
      17.3,
      10.95,
      10.9,
      40.7,
      29.3,
      46.099999999999994,
      50
    ],
    [
      14.05,
      17.5,
      8.2,
      43.95,
      0.0,
      65.8,
      51
    ],
    [
      12.15,
      9.9,
      7.8,
      0.0,
      0.0,
      53.099999999999994,
      52
    ],
    [
      17.3,
      10.85,
      11.4,
      26.15,
      45.15,
      55.39999999999999,
      53
    ],
    [
      18.2,
      12.5,
      7.0,
      12.15,
      0.0,
      56.89999999999999,
      54
    ],
    [
      15.2,
      13.1,
      13.7,
      42.8,
      32.05,
      56.99999999999999,
      55
    ],
    [
      13.1,
      15.2,
      13.7,
      0.0,
      19.6,
      51.599999999999994,
      56
    ],
    [
      18.35,
      25.75,
      11.8,
      0.0,
      14.5,
      65.3,
      57
    ],
    [
      11.7,
      15.55,
      6.5,
      31.1,
      40.45,
      66.8,
      58
    ],
    [
      15.55,
      11.7,
      6.5,
      42.45,
      17.5,
      65.8,
      59
    ],
    [
      13.5,
      16.85,
      5.2,
      44.5,
      29.2,
      70.69999999999999,
      60
    ],
    [
      16.25,
      13.55,
      5.4,
      41.75,
      0.95,
      74.0,
      61
    ],
    [
      15.55,
      11.7,
      6.3,
      28.95,
      44.3,
      73.3,
      62
    ],
    [
      13.25,
      13.7,
      8.4,
      0.0,
      42.3,
      71.2,
      63
    ],
    [
      10.581,
      15.416,
      5.0,
      18.35,
      28.884,
      52.8,
      64
    ],
    [
      10.581,
      15.416,
      5.0,
      18.369,
      29.734,
      57.8,
      65
    ]
  ],
  "statistics": {
    "packed_count": 65,
    "total_items": 100,
    "space_ratio": 0.5479186859990764,
    "total_reward": 5.4791868599907625,
    "timestamp": "2026-01-18T07:59:38.769012"
  }
}