{
  "episode": 31,
  "container_size": [
    58,
    56,
    80
  ],
  "cube_definition": [
    [
      15.05,
      11.8,
      9.9,
      0.0,
      44.2,
      0.0,
      1
    ],
    [
      11.8,
      15.05,
      9.9,
      0.0,
      0.0,
      0.0,
      2
    ],
    [
      19.25,
      12.9,
      6.5,
      0.0,
      31.3,
      0.0,
      3
    ],
    [
      13.3,
      19.6,
      6.3,
      44.7,
      0.0,
      0.0,
      4
    ],
    [
      10.6,
      15.25,
      12.1,
      47.4,
      0.0,
      6.3,
      5
    ],
    [
      13.25,
      19.85,
      6.2,
      15.05,
      0.0,
      0.0,
      6
    ],
    [
      13.45,
      19.65,
      6.4,
      44.55,
      19.6,
      0.0,
      7
    ],
    [
      13.35,
      19.6,
      6.1,
      31.2,
      19.85,
      0.0,
      8
    ],
    [
      19.75,
      13.3,
      6.3,
      38.25,
      42.7,
      0.0,
      9
    ],
    [
      12.15,
      18.4,
      7.6,
      11.8,
      0.0,
      6.2,
      10
    ],
    [
      10.45,
      15.1,
      8.8,
      34.25,
      4.5,
      0.0,
      11
    ],
    [
      18.4,
      14.65,
      7.6,
      0.0,
      41.35,
      9.9,
      12
    ],
    [
      14.35,
      18.45,
      8.3,
      0.0,
      22.9,
      6.5,
      13
    ],
    [
      14.25,
      18.35,
      8.2,
      30.3,
      19.6,
      6.1,
      14
    ],
    [
      14.5,
      21.3,
      5.8,
      32.9,
      20.05,
      14.299999999999999,
      15
    ],
    [
      15.65,
      19.5,
      5.8,
      31.75,
      0.0,
      8.8,
      16
    ],
    [
      21.75,
      17.75,
      9.1,
      10.0,
      0.0,
      13.8,
      17
    ],
    [
      18.3,
      14.6,
      8.3,
      19.95,
      41.35,
      0.0,
      18
    ],
    [
      14.0,
      13.4,
      8.2,
      31.75,
      0.0,
      14.600000000000001,
      19
    ],
    [
      13.7,
      16.1,
      10.2,
      18.4,
      37.95,
      8.3,
      20
    ],
    [
      11.55,
      15.8,
      8.6,
      46.45,
      0.0,
      18.4,
      21
    ],
    [
      18.05,
      12.1,
      7.8,
      39.95,
      43.9,
      6.3,
      22
    ],
    [
      12.9,
      13.35,
      7.5,
      33.55,
      0.0,
      22.8,
      23
    ],
    [
      13.35,
      13.25,
      7.4,
      0.0,
      24.7,
      14.8,
      24
    ],
    [
      13.3,
      13.2,
      7.3,
      44.7,
      42.8,
      14.1,
      25
    ],
    [
      13.45,
      13.0,
      7.4,
      44.55,
      37.95,
      21.4,
      26
    ],
    [
      16.55,
      11.5,
      8.7,
      0.0,
      37.95,
      17.5,
      27
    ],
    [
      16.9,
      13.0,
      7.0,
      16.65,
      0.0,
      22.9,
      28
    ],
    [
      23.0,
      17.85,
      9.6,
      35.0,
      38.15,
      28.799999999999997,
      29
    ],
    [
      15.95,
      11.55,
      8.8,
      0.0,
      26.4,
      22.200000000000003,
      30
    ],
    [
      14.4,
      18.65,
      17.6,
      16.55,
      37.35,
      18.5,
      31
    ],
    [
      21.349,
      16.15,
      15.0,
      31.75,
      15.8,
      20.099999999999998,
      32
    ],
    [
      18.05,
      7.05,
      6.5,
      0.0,
      30.3,
      31.000000000000004,
      33
    ],
    [
      17.2,
      10.65,
      8.7,
      14.55,
      0.0,
      29.9,
      34
    ],
    [
      19.45,
      18.55,
      13.1,
      31.75,
      19.6,
      35.099999999999994,
      35
    ],
    [
      14.55,
      15.65,
      5.8,
      17.2,
      40.35,
      36.1,
      36
    ],
    [
      15.65,
      14.55,
      5.8,
      0.0,
      41.45,
      26.2,
      37
    ],
    [
      14.25,
      9.85,
      10.1,
      16.05,
      20.45,
      0.0,
      38
    ],
    [
      11.65,
      14.681,
      5.3,
      0.0,
      41.319,
      32.0,
      39
    ],
    [
      15.85,
      10.0,
      11.2,
      0.0,
      30.35,
      37.5,
      40
    ],
    [
      21.5,
      14.65,
      4.6,
      36.5,
      38.15,
      38.4,
      41
    ],
    [
      18.0,
      12.5,
      8.5,
      18.5,
      40.35,
      41.9,
      42
    ],
    [
      18.25,
      13.0,
      13.8,
      39.75,
      17.35,
      48.199999999999996,
      43
    ],
    [
      17.4,
      17.15,
      12.1,
      40.6,
      38.85,
      43.0,
      44
    ],
    [
      16.15,
      13.75,
      4.3,
      0.0,
      40.35,
      37.3,
      45
    ],
    [
      10.05,
      11.85,
      15.3,
      7.15,
      40.35,
      41.599999999999994,
      46
    ],
    [
      21.4,
      16.1,
      10.1,
      17.2,
      39.9,
      50.4,
      47
    ],
    [
      7.85,
      14.85,
      5.2,
      31.9,
      0.0,
      30.3,
      48
    ],
    [
      9.55,
      11.75,
      15.4,
      48.45,
      44.25,
      55.1,
      49
    ],
    [
      14.65,
      19.9,
      7.0,
      25.1,
      20.0,
      48.199999999999996,
      50
    ],
    [
      19.9,
      14.65,
      7.0,
      0.0,
      25.25,
      48.7,
      51
    ],
    [
      14.55,
      16.6,
      5.2,
      43.45,
      39.4,
      70.5,
      52
    ],
    [
      15.35,
      13.1,
      11.2,
      1.85,
      42.9,
      56.89999999999999,
      53
    ],
    [
      18.45,
      14.8,
      11.6,
      21.3,
      41.2,
      60.5,
      54
    ],
    [
      17.8,
      12.85,
      8.8,
      0.0,
      43.15,
      68.1,
      55
    ],
    [
      17.0,
      17.05,
      7.8,
      0.0,
      22.35,
      55.7,
      56
    ],
    [
      17.05,
      16.85,
      7.8,
      14.7,
      0.0,
      38.599999999999994,
      57
    ],
    [
      18.8,
      12.65,
      11.8,
      12.95,
      0.0,
      46.39999999999999,
      58
    ],
    [
      15.4,
      20.2,
      7.5,
      42.6,
      19.2,
      62.0,
      59
    ],
    [
      10.45,
      15.3,
      8.6,
      32.15,
      0.0,
      35.5,
      60
    ],
    [
      16.75,
      22.15,
      13.8,
      0.0,
      20.75,
      63.5,
      61
    ],
    [
      16.75,
      9.2,
      16.1,
      25.85,
      30.7,
      55.199999999999996,
      62
    ],
    [
      16.75,
      9.2,
      16.1,
      31.75,
      8.15,
      44.1,
      63
    ],
    [
      16.35,
      14.05,
      5.5,
      27.1,
      41.95,
      72.1,
      64
    ],
    [
      15.0,
      11.15,
      10.7,
      16.75,
      0.0,
      58.19999999999999,
      65
    ],
    [
      16.2,
      11.35,
      8.9,
      16.75,
      0.0,
      68.89999999999999,
      66
    ],
    [
      16.0,
      10.8,
      9.8,
      23.75,
      19.9,
      55.199999999999996,
      67
    ],
    [
      13.2,
      19.7,
      6.2,
      42.6,
      19.7,
      69.5,
      68
    ],
    [
      13.05,
      18.15,
      9.6,
      29.55,
      12.55,
      65.0,
      69
    ]
  ],
  "statistics": {
    "packed_count": 69,
    "total_items": 100,
    "space_ratio": 0.5458202416679495,
    "total_reward": 5.458202416679494,
    "timestamp": "2026-01-18T10:54:16.025468"
  }
}