{
  "episode": 39,
  "container_size": [
    58,
    56,
    80
  ],
  "cube_definition": [
    [
      13.15,
      16.6,
      6.5,
      44.85,
      0.0,
      0.0,
      1
    ],
    [
      16.6,
      13.15,
      6.5,
      41.4,
      42.85,
      0.0,
      2
    ],
    [
      13.85,
      14.25,
      9.2,
      31.0,
      28.6,
      0.0,
      3
    ],
    [
      11.85,
      13.7,
      11.8,
      0.0,
      0.0,
      0.0,
      4
    ],
    [
      15.25,
      11.3,
      7.2,
      42.75,
      44.7,
      6.5,
      5
    ],
    [
      17.4,
      11.05,
      11.3,
      40.6,
      17.55,
      0.0,
      6
    ],
    [
      16.2,
      23.1,
      10.7,
      11.85,
      0.0,
      0.0,
      7
    ],
    [
      21.25,
      16.45,
      7.8,
      36.75,
      0.0,
      6.5,
      8
    ],
    [
      14.1,
      13.75,
      9.4,
      0.0,
      42.25,
      0.0,
      9
    ],
    [
      13.3,
      13.9,
      6.5,
      29.45,
      28.6,
      9.2,
      10
    ],
    [
      17.55,
      11.35,
      10.9,
      0.0,
      42.5,
      9.4,
      11
    ],
    [
      11.4,
      15.55,
      6.5,
      0.0,
      13.7,
      0.0,
      12
    ],
    [
      12.85,
      12.6,
      9.4,
      0.0,
      0.0,
      11.8,
      13
    ],
    [
      18.8,
      16.05,
      16.9,
      12.85,
      12.55,
      10.7,
      14
    ],
    [
      17.75,
      13.05,
      11.2,
      11.4,
      28.6,
      0.0,
      15
    ],
    [
      17.45,
      12.7,
      10.8,
      0.0,
      43.3,
      20.3,
      16
    ],
    [
      13.0,
      18.6,
      7.9,
      42.75,
      0.0,
      14.3,
      17
    ],
    [
      15.4,
      12.4,
      6.5,
      42.6,
      42.5,
      13.7,
      18
    ],
    [
      15.2,
      11.6,
      6.7,
      0.0,
      0.0,
      21.200000000000003,
      19
    ],
    [
      21.0,
      16.4,
      5.7,
      37.0,
      0.0,
      22.200000000000003,
      20
    ],
    [
      15.7,
      8.75,
      5.2,
      15.2,
      3.8,
      10.7,
      21
    ],
    [
      11.3,
      17.4,
      7.8,
      31.65,
      25.1,
      15.7,
      22
    ],
    [
      23.5,
      17.45,
      13.2,
      13.5,
      11.6,
      27.599999999999998,
      23
    ],
    [
      21.25,
      15.05,
      3.4,
      0.0,
      40.95,
      31.1,
      24
    ],
    [
      14.7,
      16.7,
      6.8,
      43.3,
      39.3,
      20.2,
      25
    ],
    [
      13.15,
      14.9,
      5.7,
      0.0,
      0.0,
      27.900000000000002,
      26
    ],
    [
      13.6,
      18.4,
      7.3,
      44.4,
      37.6,
      27.0,
      27
    ],
    [
      11.25,
      15.6,
      6.5,
      0.0,
      14.9,
      6.5,
      28
    ],
    [
      18.4,
      11.55,
      8.2,
      39.6,
      0.05,
      27.900000000000002,
      29
    ],
    [
      13.2,
      18.9,
      8.7,
      44.8,
      37.1,
      34.3,
      30
    ],
    [
      16.2,
      20.3,
      7.5,
      41.8,
      0.0,
      36.1,
      31
    ],
    [
      12.55,
      15.45,
      4.2,
      0.0,
      40.55,
      34.5,
      32
    ],
    [
      15.85,
      12.7,
      4.2,
      21.25,
      43.3,
      0.0,
      33
    ],
    [
      11.45,
      10.15,
      8.4,
      12.55,
      30.8,
      11.2,
      34
    ],
    [
      16.9,
      11.0,
      10.7,
      0.0,
      0.0,
      33.6,
      35
    ],
    [
      17.1,
      18.05,
      8.0,
      40.9,
      0.0,
      43.6,
      36
    ],
    [
      24.15,
      17.2,
      12.0,
      17.65,
      18.05,
      40.8,
      37
    ],
    [
      15.1,
      18.1,
      5.5,
      42.9,
      37.9,
      43.0,
      38
    ],
    [
      17.25,
      12.85,
      8.8,
      40.75,
      5.2,
      51.6,
      39
    ],
    [
      12.7,
      15.7,
      5.8,
      0.15,
      14.9,
      13.0,
      40
    ],
    [
      17.05,
      10.7,
      11.6,
      19.95,
      0.0,
      15.899999999999999,
      41
    ],
    [
      11.1,
      21.4,
      7.1,
      0.0,
      34.6,
      38.7,
      42
    ],
    [
      13.0,
      16.0,
      4.4,
      45.0,
      40.0,
      48.5,
      43
    ],
    [
      14.05,
      21.7,
      1.4,
      3.6,
      34.3,
      45.800000000000004,
      44
    ],
    [
      13.45,
      19.4,
      9.4,
      0.0,
      36.6,
      47.2,
      45
    ],
    [
      16.45,
      12.05,
      7.8,
      24.3,
      43.95,
      4.2,
      46
    ],
    [
      7.25,
      15.9,
      6.6,
      0.0,
      18.05,
      18.8,
      47
    ],
    [
      12.35,
      17.2,
      8.7,
      0.0,
      0.0,
      44.3,
      48
    ],
    [
      15.65,
      9.45,
      5.0,
      16.9,
      2.15,
      27.5,
      49
    ],
    [
      19.65,
      14.85,
      7.5,
      0.0,
      0.0,
      53.0,
      50
    ],
    [
      12.3,
      16.15,
      5.3,
      0.55,
      17.2,
      25.4,
      51
    ],
    [
      9.95,
      12.2,
      8.1,
      48.05,
      0.0,
      60.400000000000006,
      52
    ],
    [
      16.15,
      12.45,
      4.2,
      24.6,
      43.55,
      12.0,
      53
    ],
    [
      17.05,
      9.8,
      7.2,
      25.55,
      46.2,
      16.2,
      54
    ],
    [
      14.45,
      8.8,
      8.7,
      13.45,
      18.05,
      52.8,
      55
    ],
    [
      13.9,
      13.4,
      6.7,
      29.0,
      42.6,
      23.4,
      56
    ],
    [
      13.6,
      13.1,
      6.8,
      44.4,
      20.3,
      11.3,
      57
    ],
    [
      13.75,
      15.6,
      6.7,
      44.25,
      21.5,
      18.1,
      58
    ],
    [
      17.3,
      12.6,
      8.9,
      40.7,
      43.4,
      52.9,
      59
    ],
    [
      13.25,
      18.65,
      9.4,
      27.45,
      37.35,
      30.099999999999998,
      60
    ],
    [
      19.25,
      11.15,
      11.1,
      21.5,
      6.9,
      40.8,
      61
    ],
    [
      20.2,
      12.9,
      10.4,
      0.0,
      43.1,
      56.6,
      62
    ],
    [
      11.2,
      17.6,
      10.9,
      2.25,
      0.0,
      60.5,
      63
    ],
    [
      16.05,
      8.8,
      5.2,
      41.95,
      20.3,
      24.8,
      64
    ],
    [
      12.55,
      10.0,
      7.8,
      45.45,
      12.2,
      60.400000000000006,
      65
    ],
    [
      16.35,
      20.35,
      7.5,
      20.2,
      35.25,
      39.5,
      66
    ],
    [
      17.55,
      18.6,
      5.7,
      20.2,
      37.4,
      47.0,
      67
    ],
    [
      15.95,
      8.9,
      5.2,
      42.05,
      22.2,
      30.0,
      68
    ],
    [
      17.15,
      11.15,
      9.6,
      0.0,
      31.95,
      56.6,
      69
    ],
    [
      17.15,
      11.15,
      9.6,
      28.3,
      18.05,
      52.8,
      70
    ],
    [
      17.0,
      11.65,
      9.4,
      41.0,
      44.35,
      61.8,
      71
    ],
    [
      9.05,
      15.95,
      5.3,
      19.25,
      16.0,
      61.5,
      72
    ],
    [
      15.2,
      11.55,
      7.0,
      0.0,
      0.0,
      71.4,
      73
    ],
    [
      10.75,
      15.05,
      7.5,
      28.3,
      40.95,
      52.7,
      74
    ],
    [
      16.35,
      13.05,
      8.4,
      13.45,
      11.55,
      66.8,
      75
    ],
    [
      17.3,
      12.5,
      8.8,
