{
  "episode": 38,
  "container_size": [
    58,
    56,
    80
  ],
  "cube_definition": [
    [
      13.15,
      12.9,
      6.6,
      0.0,
      43.1,
      0.0,
      1
    ],
    [
      13.15,
      12.9,
      6.6,
      0.0,
      30.2,
      0.0,
      2
    ],
    [
      11.65,
      16.55,
      8.9,
      0.0,
      0.0,
      0.0,
      3
    ],
    [
      11.15,
      14.7,
      9.2,
      11.65,
      0.0,
      0.0,
      4
    ],
    [
      18.4,
      12.4,
      9.3,
      39.6,
      43.6,
      0.0,
      5
    ],
    [
      21.4,
      15.75,
      6.8,
      36.6,
      27.85,
      0.0,
      6
    ],
    [
      16.5,
      11.8,
      9.1,
      41.5,
      31.8,
      6.8,
      7
    ],
    [
      19.3,
      12.0,
      5.5,
      11.65,
      14.7,
      0.0,
      8
    ],
    [
      19.3,
      12.0,
      5.5,
      20.3,
      44.0,
      0.0,
      9
    ],
    [
      22.7,
      14.65,
      8.7,
      0.0,
      28.95,
      6.6,
      10
    ],
    [
      12.8,
      17.8,
      10.1,
      45.2,
      10.05,
      0.0,
      11
    ],
    [
      14.35,
      22.5,
      9.1,
      43.65,
      9.3,
      10.1,
      12
    ],
    [
      17.95,
      15.25,
      4.2,
      40.05,
      31.8,
      15.899999999999999,
      13
    ],
    [
      15.25,
      17.95,
      4.2,
      42.75,
      13.85,
      19.2,
      14
    ],
    [
      17.95,
      15.25,
      4.2,
      40.05,
      31.8,
      20.099999999999998,
      15
    ],
    [
      14.6,
      22.75,
      8.8,
      22.8,
      5.1,
      5.5,
      16
    ],
    [
      14.75,
      7.6,
      5.2,
      0.0,
      48.4,
      6.6,
      17
    ],
    [
      15.5,
      15.8,
      15.9,
      42.5,
      16.0,
      23.4,
      18
    ],
    [
      15.8,
      15.5,
      15.9,
      22.7,
      16.3,
      14.3,
      19
    ],
    [
      13.9,
      11.9,
      14.8,
      14.75,
      43.6,
      5.5,
      20
    ],
    [
      11.65,
      15.05,
      4.5,
      0.0,
      0.0,
      8.9,
      21
    ],
    [
      15.4,
      10.55,
      8.3,
      7.3,
      18.4,
      5.5,
      22
    ],
    [
      11.9,
      15.1,
      7.2,
      0.0,
      0.0,
      13.4,
      23
    ],
    [
      9.6,
      9.5,
      5.5,
      0.0,
      46.5,
      11.8,
      24
    ],
    [
      9.2,
      12.1,
      6.6,
      0.0,
      0.0,
      20.6,
      25
    ],
    [
      11.5,
      16.7,
      8.8,
      0.0,
      0.0,
      27.200000000000003,
      26
    ],
    [
      18.2,
      12.3,
      11.3,
      11.5,
      43.7,
      20.3,
      27
    ],
    [
      21.65,
      20.3,
      11.6,
      36.35,
      31.8,
      24.299999999999997,
      28
    ],
    [
      7.05,
      16.7,
      7.2,
      11.9,
      12.25,
      13.8,
      29
    ],
    [
      10.05,
      16.4,
      11.0,
      11.5,
      15.4,
      21.0,
      30
    ],
    [
      14.9,
      7.35,
      5.0,
      43.1,
      6.5,
      19.2,
      31
    ],
    [
      18.75,
      15.6,
      10.6,
      0.0,
      0.0,
      36.0,
      32
    ],
    [
      17.4,
      15.85,
      12.7,
      21.55,
      0.15,
      14.3,
      33
    ],
    [
      14.75,
      22.4,
      8.2,
      43.25,
      15.6,
      39.3,
      34
    ],
    [
      21.25,
      14.6,
      5.7,
      15.1,
      41.4,
      31.6,
      35
    ],
    [
      12.1,
      15.25,
      5.2,
      18.75,
      0.0,
      27.0,
      36
    ],
    [
      14.85,
      12.0,
      5.1,
      43.15,
      38.0,
      35.9,
      37
    ],
    [
      12.3,
      14.95,
      14.3,
      11.5,
      16.85,
      32.0,
      38
    ],
    [
      18.25,
      12.3,
      9.3,
      38.95,
      3.3,
      24.2,
      39
    ],
    [
      16.15,
      11.5,
      8.6,
      0.0,
      0.0,
      46.6,
      40
    ],
    [
      13.15,
      14.85,
      4.7,
      16.15,
      41.15,
      37.300000000000004,
      41
    ],
    [
      13.15,
      14.85,
      4.7,
      25.8,
      15.25,
      30.200000000000003,
      42
    ],
    [
      14.85,
      11.55,
      6.0,
      43.15,
      38.0,
      41.0,
      43
    ],
    [
      16.2,
      11.4,
      8.9,
      18.75,
      3.85,
      32.2,
      44
    ],
    [
      16.0,
      18.05,
      8.2,
      18.75,
      37.95,
      42.00000000000001,
      45
    ],
    [
      10.25,
      15.85,
      8.9,
      8.5,
      15.6,
      46.3,
      46
    ],
    [
      16.5,
      12.2,
      10.7,
      41.5,
      3.4,
      33.5,
      47
    ],
    [
      13.35,
      13.3,
      2.6,
      29.15,
      15.6,
      34.900000000000006,
      48
    ],
    [
      13.3,
      13.35,
      2.6,
      18.75,
      3.5,
      41.1,
      49
    ],
    [
      12.5,
      21.2,
      11.3,
      18.75,
      34.8,
      50.2,
      50
    ],
    [
      10.45,
      18.8,
      8.3,
      32.05,
      15.6,
      37.50000000000001,
      51
    ],
    [
      11.95,
      16.15,
      5.8,
      0.0,
      0.0,
      55.2,
      52
    ],
    [
      12.15,
      18.45,
      7.7,
      45.85,
      16.35,
      47.5,
      53
    ],
    [
      17.1,
      13.0,
      10.6,
      40.9,
      38.0,
      47.0,
      54
    ],
    [
      9.7,
      9.1,
      5.8,
      0.0,
      46.9,
      17.3,
      55
    ],
    [
      16.85,
      14.65,
      9.4,
      18.75,
      0.0,
      43.7,
      56
    ],
    [
      14.45,
      10.3,
      6.8,
      0.0,
      31.8,
      15.299999999999999,
      57
    ],
    [
      8.4,
      11.75,
      5.6,
      49.6,
      16.15,
      55.2,
      58
    ],
    [
      6.15,
      14.8,
      6.6,
      43.45,
      16.15,
      55.2,
      59
    ],
    [
      16.3,
      12.05,
      8.9,
      41.7,
      3.55,
      44.2,
      60
    ],
    [
      16.85,
      9.4,
      8.2,
      24.85,
      14.65,
      45.80000000000001,
      61
    ],
    [
      14.8,
      12.05,
      6.2,
      43.2,
      4.1,
      53.1,
      62
    ],
    [
      18.2,
      12.5,
      12.1,
      0.0,
      0.0,
      61.0,
      63
    ],
    [
      14.0,
      10.25,
      8.3,
      0.0,
      33.45,
      22.099999999999998,
      64
    ],
    [
      10.3,
      14.35,
      8.2,
      0.0,
      31.45,
      30.4,
      65
    ],
    [
      15.15,
      12.0,
      8.4,
      42.85,
      4.15,
      59.300000000000004,
      66
    ],
    [
      7.95,
      14.25,
      9.2,
      50.05,
      16.15,
      60.800000000000004,
      67
    ],
    [
      11.7,
      14.4,
      6.0,
      46.3,
      12.5,
      70.0,
      68
    ],
    [
      14.05,
      19.6,
      8.8,
      2.1,
      31.8,
      38.599999999999994,
      69
    ],
    [
      16.55,
      16.4,
      11.1,
      18.2,
      39.6,
      61.5,
      70
    ],
    [
      13.85,
      8.2,
      7.5,
      18.2,
      31.4,
      61.5,
      71
    ],
    [
      8.2,
      13.85,
      7.5,
      32.05,
      24.05,
      45.80000000000001,
      72
    ],
    [
      9.85,
      13.85,
      6.0,
      8.35,
      16.15,
      55.199999999999996,
      73
    ],
    [
      14.0,
      14.0,
      9.7,
      18.2,
      0.0,
      53.1,
      74
    ],
    [
      14.0,
      14.0,
      9.7,
      28.85,
