{
  "episode": 43,
  "container_size": [
    58,
    56,
    80
  ],
  "cube_definition": [
    [
      16.05,
      12.5,
      7.6,
      0.0,
      43.5,
      0.0,
      1
    ],
    [
      16.05,
      12.5,
      7.6,
      41.95,
      31.0,
      0.0,
      2
    ],
    [
      11.25,
      16.6,
      10.7,
      16.05,
      0.0,
      0.0,
      3
    ],
    [
      13.15,
      16.35,
      4.0,
      27.3,
      0.0,
      0.0,
      4
    ],
    [
      13.25,
      16.4,
      3.9,
      27.3,
      16.35,
      0.0,
      5
    ],
    [
      17.4,
      13.95,
      10.2,
      40.6,
      0.0,
      0.0,
      6
    ],
    [
      16.0,
      12.25,
      7.5,
      42.0,
      0.0,
      10.2,
      7
    ],
    [
      17.65,
      12.8,
      8.8,
      0.0,
      43.2,
      7.6,
      8
    ],
    [
      15.45,
      12.95,
      9.1,
      26.5,
      16.6,
      3.9,
      9
    ],
    [
      15.75,
      9.55,
      11.7,
      10.75,
      33.65,
      0.0,
      10
    ],
    [
      11.25,
      16.35,
      10.2,
      46.75,
      0.0,
      17.7,
      11
    ],
    [
      18.55,
      10.7,
      12.2,
      39.45,
      45.3,
      0.0,
      12
    ],
    [
      11.55,
      19.4,
      12.9,
      0.0,
      0.0,
      0.0,
      13
    ],
    [
      19.5,
      13.65,
      10.8,
      0.0,
      20.0,
      0.0,
      14
    ],
    [
      22.3,
      16.95,
      15.4,
      0.0,
      39.05,
      16.4,
      15
    ],
    [
      13.3,
      15.85,
      8.8,
      11.55,
      0.0,
      10.7,
      16
    ],
    [
      13.1,
      18.75,
      9.1,
      33.65,
      37.25,
      12.2,
      17
    ],
    [
      17.3,
      14.25,
      3.9,
      40.7,
      0.0,
      27.9,
      18
    ],
    [
      20.25,
      18.45,
      6.0,
      13.4,
      0.0,
      19.5,
      19
    ],
    [
      23.15,
      17.95,
      8.4,
      33.65,
      38.05,
      21.299999999999997,
      20
    ],
    [
      23.15,
      17.95,
      8.4,
      34.85,
      38.05,
      29.699999999999996,
      21
    ],
    [
      10.95,
      15.8,
      6.6,
      0.6,
      0.0,
      12.9,
      22
    ],
    [
      18.7,
      13.0,
      9.2,
      7.8,
      19.4,
      10.8,
      23
    ],
    [
      12.05,
      17.45,
      10.2,
      0.0,
      0.0,
      19.5,
      24
    ],
    [
      22.05,
      15.25,
      9.7,
      0.0,
      40.75,
      31.799999999999997,
      25
    ],
    [
      16.35,
      10.9,
      11.0,
      12.05,
      0.0,
      25.5,
      26
    ],
    [
      14.1,
      15.8,
      9.8,
      43.9,
      0.0,
      31.799999999999997,
      27
    ],
    [
      17.5,
      11.3,
      8.3,
      0.0,
      18.45,
      20.0,
      28
    ],
    [
      14.25,
      17.5,
      3.9,
      26.5,
      18.45,
      13.0,
      29
    ],
    [
      15.9,
      11.25,
      8.2,
      42.1,
      16.35,
      0.0,
      30
    ],
    [
      20.5,
      22.8,
      7.8,
      0.0,
      33.2,
      41.5,
      31
    ],
    [
      17.1,
      17.4,
      5.5,
      26.8,
      38.6,
      38.099999999999994,
      32
    ],
    [
      11.6,
      15.55,
      9.7,
      46.4,
      17.65,
      8.2,
      33
    ],
    [
      14.6,
      10.65,
      7.2,
      43.4,
      0.0,
      41.599999999999994,
      34
    ],
    [
      5.6,
      3.7,
      7.5,
      52.4,
      18.45,
      17.9,
      35
    ],
    [
      12.05,
      16.7,
      8.9,
      43.9,
      39.3,
      38.099999999999994,
      36
    ],
    [
      17.3,
      11.55,
      3.9,
      0.0,
      21.65,
      28.3,
      37
    ],
    [
      10.2,
      13.35,
      10.9,
      1.85,
      0.0,
      29.7,
      38
    ],
    [
      11.6,
      17.4,
      3.9,
      26.5,
      18.45,
      16.9,
      39
    ],
    [
      9.35,
      14.7,
      8.6,
      48.65,
      41.3,
      46.99999999999999,
      40
    ],
    [
      15.55,
      11.15,
      8.6,
      25.15,
      22.05,
      20.799999999999997,
      41
    ],
    [
      17.55,
      14.3,
      3.7,
      0.0,
      0.0,
      40.6,
      42
    ],
    [
      11.05,
      15.4,
      9.6,
      20.5,
      23.2,
      29.4,
      43
    ],
    [
      17.05,
      12.45,
      10.1,
      0.0,
      20.75,
      32.2,
      44
    ],
    [
      12.95,
      18.65,
      11.0,
      20.5,
      19.95,
      39.0,
      45
    ],
    [
      17.5,
      14.25,
      3.9,
      3.0,
      0.0,
      44.300000000000004,
      46
    ],
    [
      15.45,
      11.15,
      8.7,
      28.45,
      44.85,
      43.599999999999994,
      47
    ],
    [
      10.45,
      15.85,
      9.2,
      41.95,
      21.4,
      17.9,
      48
    ],
    [
      11.2,
      16.95,
      8.3,
      9.3,
      16.25,
      42.300000000000004,
      49
    ],
    [
      17.1,
      12.4,
      10.5,
      0.0,
      38.6,
      49.3,
      50
    ],
    [
      14.2,
      17.35,
      3.9,
      0.0,
      38.65,
      59.8,
      51
    ],
    [
      10.75,
      17.05,
      8.8,
      47.25,
      0.0,
      48.8,
      52
    ],
    [
      11.15,
      17.1,
      8.5,
      46.85,
      38.9,
      55.599999999999994,
      53
    ],
    [
      16.25,
      17.7,
      13.4,
      41.75,
      17.05,
      27.099999999999998,
      54
    ],
    [
      22.5,
      17.45,
      15.8,
      33.45,
      17.05,
      40.5,
      55
    ],
    [
      18.2,
      15.05,
      10.3,
      39.8,
      23.85,
      56.3,
      56
    ],
    [
      12.35,
      17.25,
      9.9,
      0.0,
      38.75,
      63.699999999999996,
      57
    ],
    [
      17.3,
      12.45,
      10.0,
      0.0,
      0.0,
      48.2,
      58
    ],
    [
      13.1,
      17.0,
      10.7,
      20.5,
      0.0,
      36.5,
      59
    ],
    [
      17.4,
      14.2,
      4.0,
      40.6,
      41.8,
      64.1,
      60
    ],
    [
      17.2,
      17.7,
      5.6,
      0.0,
      38.3,
      73.6,
      61
    ],
    [
      20.35,
      15.8,
      7.3,
      37.65,
      40.2,
      68.1,
      62
    ],
    [
      15.8,
      20.35,
      7.3,
      0.0,
      0.0,
      58.2,
      63
    ],
    [
      14.55,
      18.95,
      10.5,
      43.45,
      0.0,
      57.599999999999994,
      64
    ],
    [
      20.8,
      14.4,
      11.2,
      0.0,
      23.9,
      50.60000000000001,
      65
    ],
    [
      16.55,
      13.2,
      8.3,
      0.0,
      0.0,
      65.5,
      66
    ],
    [
      21.15,
      16.871,
      13.2,
      0.0,
      21.429,
      61.80000000000001,
      67
    ],
    [
      21.488,
      14.531,
      9.7,
      36.512,
      0.0,
      68.1,
      68
    ],
    [
      17.65,
      12.05,
      11.0,
      40.35,
      18.95,
      66.6,
      69
    ],
    [
      12.05,
      17.65,
      11.0,
      21.15,
      14.531,
      50.0,
      70
    ],
    [
      12.05,
      17.65,
      11.0,
      25.6,
      14.531,
      61.0,
      71
    ]
  ],
  "statistics": {
    "packed_count": 71,
    "total_items": 100,
    "space_ratio": 0.5709121215809729,
    "total_reward": 5.709121215809728,
    "timestamp": "2026-01-18T17:46:43.908367"
  }
}