{
  "episode": 27,
  "container_size": [
    58,
    56,
    80
  ],
  "cube_definition": [
    [
      14.15,
      11.35,
      7.6,
      43.85,
      0.0,
      0.0,
      1
    ],
    [
      14.15,
      11.35,
      7.6,
      43.85,
      44.65,
      0.0,
      2
    ],
    [
      14.6,
      11.1,
      7.5,
      0.0,
      44.9,
      0.0,
      3
    ],
    [
      26.05,
      20.15,
      11.7,
      0.0,
      0.0,
      0.0,
      4
    ],
    [
      20.8,
      11.5,
      4.9,
      0.0,
      33.15,
      0.0,
      5
    ],
    [
      15.65,
      22.8,
      5.0,
      42.35,
      21.85,
      0.0,
      6
    ],
    [
      11.95,
      11.3,
      10.7,
      31.9,
      44.7,
      0.0,
      7
    ],
    [
      16.4,
      21.3,
      12.9,
      27.45,
      0.55,
      0.0,
      8
    ],
    [
      16.95,
      9.45,
      5.4,
      0.0,
      20.15,
      0.0,
      9
    ],
    [
      13.55,
      15.9,
      4.8,
      44.45,
      40.1,
      7.6,
      10
    ],
    [
      14.55,
      17.6,
      4.3,
      43.45,
      22.5,
      5.0,
      11
    ],
    [
      11.3,
      15.3,
      6.7,
      20.8,
      21.85,
      0.0,
      12
    ],
    [
      15.3,
      22.45,
      10.8,
      12.15,
      0.0,
      11.7,
      13
    ],
    [
      19.2,
      14.05,
      11.2,
      0.0,
      30.85,
      4.9,
      14
    ],
    [
      11.9,
      18.85,
      8.2,
      43.85,
      0.0,
      7.6,
      15
    ],
    [
      12.6,
      17.45,
      8.8,
      43.85,
      38.55,
      12.399999999999999,
      16
    ],
    [
      12.9,
      17.5,
      9.2,
      19.2,
      22.45,
      6.7,
      17
    ],
    [
      9.15,
      17.45,
      11.0,
      32.1,
      27.25,
      0.0,
      18
    ],
    [
      8.8,
      15.7,
      4.5,
      35.05,
      0.0,
      12.9,
      19
    ],
    [
      12.5,
      15.75,
      4.8,
      19.2,
      22.8,
      15.899999999999999,
      20
    ],
    [
      19.15,
      12.45,
      3.2,
      38.85,
      43.55,
      21.2,
      21
    ],
    [
      12.6,
      17.6,
      10.4,
      45.4,
      0.0,
      15.799999999999999,
      22
    ],
    [
      11.9,
      18.9,
      8.9,
      33.5,
      0.0,
      17.4,
      23
    ],
    [
      16.15,
      21.05,
      5.9,
      0.0,
      22.5,
      16.1,
      24
    ],
    [
      13.55,
      13.15,
      8.2,
      44.45,
      18.9,
      9.3,
      25
    ],
    [
      12.65,
      16.15,
      9.6,
      16.15,
      22.45,
      20.7,
      26
    ],
    [
      13.9,
      18.95,
      9.8,
      19.6,
      0.0,
      22.5,
      27
    ],
    [
      17.3,
      11.0,
      10.8,
      40.7,
      18.9,
      17.5,
      28
    ],
    [
      19.75,
      19.9,
      16.6,
      38.25,
      36.1,
      24.4,
      29
    ],
    [
      16.25,
      21.15,
      11.3,
      41.75,
      14.95,
      28.3,
      30
    ],
    [
      11.2,
      15.35,
      9.0,
      0.0,
      7.1,
      11.7,
      31
    ],
    [
      15.2,
      12.05,
      7.7,
      0.0,
      24.05,
      22.0,
      32
    ],
    [
      15.2,
      12.05,
      7.7,
      42.8,
      24.05,
      39.6,
      33
    ],
    [
      15.05,
      10.95,
      10.2,
      0.0,
      45.05,
      7.5,
      34
    ],
    [
      10.05,
      12.35,
      7.5,
      21.85,
      43.65,
      0.0,
      35
    ],
    [
      12.2,
      16.8,
      12.9,
      45.8,
      7.25,
      39.6,
      36
    ],
    [
      17.3,
      15.8,
      5.2,
      40.7,
      40.2,
      41.0,
      37
    ],
    [
      10.9,
      17.5,
      11.1,
      8.7,
      0.0,
      22.5,
      38
    ],
    [
      15.95,
      12.9,
      4.4,
      0.0,
      36.1,
      22.0,
      39
    ],
    [
      15.95,
      12.9,
      4.4,
      0.0,
      18.95,
      29.7,
      40
    ],
    [
      20.15,
      19.85,
      16.6,
      37.85,
      24.05,
      47.300000000000004,
      41
    ],
    [
      11.45,
      15.4,
      6.3,
      46.55,
      8.65,
      52.5,
      42
    ],
    [
      19.9,
      19.5,
      16.5,
      15.95,
      18.95,
      30.299999999999997,
      43
    ],
    [
      19.75,
      14.7,
      10.5,
      38.25,
      9.35,
      58.8,
      44
    ],
    [
      19.75,
      14.7,
      10.5,
      38.25,
      24.05,
      63.900000000000006,
      45
    ],
    [
      12.6,
      17.35,
      8.8,
      19.6,
      0.0,
      32.3,
      46
    ],
    [
      26.3,
      18.2,
      16.8,
      11.55,
      0.0,
      41.099999999999994,
      47
    ],
    [
      26.3,
      18.2,
      16.8,
      11.55,
      18.2,
      46.8,
      48
    ],
    [
      22.3,
      17.25,
      10.4,
      15.55,
      0.0,
      57.89999999999999,
      49
    ],
    [
      17.25,
      14.85,
      10.6,
      40.75,
      9.2,
      69.3,
      50
    ],
    [
      14.85,
      17.25,
      10.6,
      23.0,
      17.25,
      63.599999999999994,
      51
    ],
    [
      12.7,
      17.2,
      8.8,
      10.3,
      17.25,
      63.599999999999994,
      52
    ],
    [
      20.1,
      16.5,
      7.8,
      18.15,
      0.75,
      68.3,
      53
    ],
    [
      14.9,
      11.0,
      7.5,
      0.0,
      36.4,
      26.4,
      54
    ],
    [
      14.9,
      11.0,
      7.5,
      43.1,
      45.0,
      46.2,
      55
    ]
  ],
  "statistics": {
    "packed_count": 55,
    "total_items": 100,
    "space_ratio": 0.5154767626231527,
    "total_reward": 5.1547676262315285,
    "timestamp": "2026-01-18T09:54:30.624242"
  }
}