{
  "episode": 17,
  "container_size": [
    58,
    56,
    80
  ],
  "cube_definition": [
    [
      12.5,
      15.75,
      4.6,
      0.0,
      0.0,
      0.0,
      1
    ],
    [
      12.5,
      15.75,
      4.6,
      0.0,
      15.75,
      0.0,
      2
    ],
    [
      12.7,
      18.0,
      9.2,
      12.5,
      38.0,
      0.0,
      3
    ],
    [
      14.65,
      19.65,
      11.4,
      0.0,
      0.0,
      4.6,
      4
    ],
    [
      17.5,
      14.05,
      8.8,
      14.65,
      41.95,
      9.2,
      5
    ],
    [
      19.0,
      22.3,
      16.3,
      39.0,
      33.7,
      0.0,
      6
    ],
    [
      8.8,
      19.8,
      7.1,
      32.15,
      0.0,
      0.0,
      7
    ],
    [
      11.4,
      15.2,
      6.9,
      40.95,
      0.0,
      0.0,
      8
    ],
    [
      11.3,
      11.4,
      6.9,
      27.7,
      19.8,
      0.0,
      9
    ],
    [
      11.8,
      14.8,
      10.8,
      40.95,
      0.0,
      6.9,
      10
    ],
    [
      11.45,
      11.55,
      6.7,
      0.0,
      19.65,
      4.6,
      11
    ],
    [
      13.9,
      15.15,
      8.5,
      0.0,
      0.0,
      16.0,
      12
    ],
    [
      10.05,
      17.75,
      8.4,
      14.65,
      2.05,
      0.0,
      13
    ],
    [
      9.2,
      16.6,
      8.0,
      31.75,
      0.0,
      7.1,
      14
    ],
    [
      11.3,
      11.55,
      6.8,
      46.7,
      19.8,
      0.0,
      15
    ],
    [
      11.6,
      11.3,
      6.8,
      46.4,
      0.0,
      17.700000000000003,
      16
    ],
    [
      11.75,
      14.7,
      10.3,
      27.25,
      23.3,
      6.9,
      17
    ],
    [
      11.5,
      11.3,
      6.8,
      1.0,
      44.7,
      0.0,
      18
    ],
    [
      15.45,
      16.3,
      10.4,
      40.95,
      17.4,
      6.8,
      19
    ],
    [
      9.9,
      15.9,
      10.8,
      36.5,
      40.1,
      16.3,
      20
    ],
    [
      9.65,
      15.95,
      10.9,
      36.75,
      0.0,
      17.700000000000003,
      21
    ],
    [
      14.35,
      10.6,
      8.2,
      0.0,
      0.0,
      24.5,
      22
    ],
    [
      15.4,
      16.3,
      10.5,
      42.6,
      23.8,
      17.2,
      23
    ],
    [
      16.2,
      15.45,
      10.4,
      0.0,
      19.65,
      11.3,
      24
    ],
    [
      14.25,
      17.6,
      5.7,
      14.35,
      38.4,
      18.0,
      25
    ],
    [
      11.1,
      15.2,
      10.8,
      0.0,
      15.95,
      21.700000000000003,
      26
    ],
    [
      11.75,
      15.25,
      10.0,
      14.65,
      0.0,
      8.4,
      27
    ],
    [
      9.25,
      14.7,
      13.3,
      14.35,
      0.0,
      18.4,
      28
    ],
    [
      18.55,
      14.5,
      8.4,
      11.1,
      41.5,
      23.7,
      29
    ],
    [
      9.15,
      14.2,
      9.9,
      48.85,
      41.8,
      16.3,
      30
    ],
    [
      10.95,
      15.0,
      10.8,
      47.05,
      41.0,
      26.200000000000003,
      31
    ],
    [
      9.65,
      13.65,
      7.5,
      46.4,
      27.35,
      27.7,
      32
    ],
    [
      14.9,
      13.85,
      8.5,
      0.0,
      13.5,
      32.5,
      33
    ],
    [
      11.7,
      13.5,
      6.7,
      29.65,
      15.95,
      17.200000000000003,
      34
    ],
    [
      12.25,
      15.75,
      18.6,
      11.1,
      40.25,
      32.1,
      35
    ],
    [
      10.8,
      15.9,
      9.8,
      16.45,
      19.8,
      0.0,
      36
    ],
    [
      11.7,
      15.9,
      12.9,
      25.05,
      14.7,
      23.900000000000002,
      37
    ],
    [
      11.4,
      16.0,
      10.2,
      46.6,
      0.0,
      24.500000000000004,
      38
    ],
    [
      11.6,
      16.5,
      8.8,
      23.35,
      39.5,
      32.1,
      39
    ],
    [
      11.2,
      16.2,
      10.4,
      46.8,
      0.0,
      34.7,
      40
    ],
    [
      15.95,
      9.55,
      8.9,
      14.9,
      0.0,
      31.7,
      41
    ],
    [
      12.75,
      16.75,
      8.1,
      45.25,
      23.5,
      35.2,
      42
    ],
    [
      12.3,
      14.75,
      12.4,
      45.7,
      40.25,
      37.0,
      43
    ],
    [
      11.0,
      15.2,
      10.8,
      47.0,
      0.0,
      45.1,
      44
    ],
    [
      15.2,
      13.1,
      6.0,
      0.0,
      16.2,
      41.0,
      45
    ],
    [
      9.9,
      13.5,
      7.5,
      34.95,
      42.5,
      27.1,
      46
    ],
    [
      18.1,
      16.25,
      13.6,
      39.9,
      39.75,
      49.4,
      47
    ],
    [
      14.15,
      18.6,
      7.5,
      43.85,
      37.4,
      63.0,
      48
    ],
    [
      15.2,
      11.6,
      10.3,
      0.0,
      15.2,
      47.0,
      49
    ],
    [
      18.0,
      12.95,
      9.7,
      40.0,
      24.45,
      43.300000000000004,
      50
    ],
    [
      10.9,
      15.0,
      10.9,
      0.0,
      41.0,
      6.8,
      51
    ],
    [
      10.55,
      15.15,
      9.1,
      0.55,
      35.1,
      17.7,
      52
    ],
    [
      15.0,
      14.15,
      8.0,
      43.0,
      23.25,
      53.0,
      53
    ],
    [
      16.85,
      11.6,
      5.9,
      14.9,
      0.0,
      40.6,
      54
    ],
    [
      16.75,
      15.05,
      14.4,
      41.25,
      0.0,
      55.900000000000006,
      55
    ],
    [
      10.85,
      16.05,
      10.1,
      15.2,
      0.0,
      46.5,
      56
    ],
    [
      16.55,
      15.05,
      14.3,
      0.0,
      15.05,
      57.3,
      57
    ],
    [
      16.5,
      13.6,
      11.4,
      16.55,
      0.0,
      56.6,
      58
    ],
    [
      7.1,
      9.8,
      8.2,
      0.0,
      0.0,
      32.7,
      59
    ],
    [
      11.5,
      16.05,
      8.7,
      16.55,
      39.95,
      50.7,
      60
    ],
    [
      15.1,
      19.55,
      7.8,
      42.9,
      36.45,
      70.5,
      61
    ],
    [
      9.55,
      14.6,
      9.4,
      16.55,
      0.0,
      68.0,
      62
    ],
    [
      16.5,
      13.6,
      7.8,
      0.0,
      22.85,
      71.6,
      63
    ],
    [
      15.2,
      18.8,
      10.9,
      24.8,
      20.7,
      36.800000000000004,
      64
    ],
    [
      11.1,
      16.8,
      5.6,
      28.05,
      13.6,
      47.7,
      65
    ],
    [
      16.8,
      11.1,
      5.6,
      41.2,
      0.0,
      70.30000000000001,
      66
    ],
    [
      14.2,
      9.7,
      8.6,
      16.5,
      46.3,
      59.400000000000006,
      67
    ],
    [
      10.35,
      14.75,
      5.8,
      0.0,
      41.25,
      26.799999999999997,
      68
    ],
    [
      20.45,
      15.05,
      11.6,
      22.55,
      21.4,
      53.300000000000004,
      69
    ],
    [
      15.9,
      10.65,
      7.5,
      26.1,
      25.8,
      64.9,
      70
    ],
    [
      9.5,
      14.3,
      9.2,
      1.6,
      36.45,
      32.599999999999994,
      71
    ],
    [
      14.3,
      9.5,
      9.2,
      43.7,
      26.95,
      61.0,
      72
    ],
    [
      14.2,
      15.15,
      8.7,
      43.8,
      21.3,
      70.2,
      73
    ]
  ],
  "statistics": {
    "packed_count": 73,
    "total_items": 100,
    "space_ratio": 0.5152408828509852,
    "total_reward": 5.152408828509851,