{
  "episode": 30,
  "container_size": [
    58,
    56,
    80
  ],
  "cube_definition": [
    [
      20.2,
      15.2,
      11.3,
      37.8,
      40.8,
      0.0,
      1
    ],
    [
      20.2,
      15.2,
      11.3,
      37.8,
      40.8,
      11.3,
      2
    ],
    [
      10.1,
      16.05,
      11.2,
      47.9,
      39.95,
      22.6,
      3
    ],
    [
      23.55,
      19.05,
      12.7,
      14.25,
      0.0,
      0.0,
      4
    ],
    [
      11.3,
      16.5,
      8.8,
      36.6,
      39.5,
      22.6,
      5
    ],
    [
      19.0,
      12.85,
      12.8,
      37.8,
      0.0,
      0.0,
      6
    ],
    [
      19.35,
      12.85,
      12.8,
      17.25,
      0.0,
      12.7,
      7
    ],
    [
      16.7,
      17.1,
      9.4,
      41.3,
      19.05,
      0.0,
      8
    ],
    [
      17.55,
      15.2,
      4.0,
      40.45,
      0.0,
      12.8,
      9
    ],
    [
      25.6,
      16.8,
      12.0,
      0.0,
      22.7,
      0.0,
      10
    ],
    [
      20.85,
      15.0,
      10.8,
      15.75,
      0.0,
      25.5,
      11
    ],
    [
      9.4,
      17.6,
      10.1,
      0.0,
      15.0,
      12.0,
      12
    ],
    [
      18.4,
      14.55,
      8.0,
      39.6,
      19.05,
      9.4,
      13
    ],
    [
      13.2,
      17.9,
      10.2,
      9.4,
      21.6,
      12.0,
      14
    ],
    [
      18.4,
      13.85,
      12.2,
      29.5,
      42.15,
      31.400000000000002,
      15
    ],
    [
      12.0,
      18.0,
      11.1,
      25.6,
      21.5,
      0.0,
      16
    ],
    [
      7.35,
      14.4,
      5.0,
      50.65,
      0.0,
      16.8,
      17
    ],
    [
      27.25,
      8.75,
      13.3,
      0.0,
      47.25,
      0.0,
      18
    ],
    [
      13.2,
      17.9,
      10.2,
      44.8,
      15.0,
      17.4,
      19
    ],
    [
      19.1,
      18.6,
      11.8,
      38.9,
      15.0,
      27.599999999999998,
      20
    ],
    [
      14.25,
      16.0,
      7.2,
      1.5,
      40.0,
      13.3,
      21
    ],
    [
      15.1,
      19.75,
      5.5,
      42.9,
      22.4,
      39.4,
      22
    ],
    [
      19.3,
      14.05,
      10.1,
      0.0,
      41.95,
      20.5,
      23
    ],
    [
      20.4,
      21.4,
      13.9,
      0.0,
      18.1,
      22.2,
      24
    ],
    [
      18.65,
      13.85,
      12.8,
      0.0,
      42.15,
      30.6,
      25
    ],
    [
      16.6,
      11.1,
      5.6,
      26.3,
      0.0,
      36.3,
      26
    ],
    [
      11.6,
      14.8,
      5.0,
      46.4,
      0.0,
      21.8,
      27
    ],
    [
      11.1,
      14.85,
      10.7,
      27.8,
      24.65,
      11.1,
      28
    ],
    [
      13.55,
      17.55,
      3.0,
      0.0,
      38.45,
      43.400000000000006,
      29
    ],
    [
      20.6,
      14.6,
      10.2,
      0.0,
      23.85,
      36.1,
      30
    ],
    [
      15.0,
      11.75,
      9.9,
      11.3,
      0.0,
      36.3,
      31
    ],
    [
      16.3,
      11.85,
      5.5,
      26.3,
      0.0,
      41.9,
      32
    ],
    [
      16.5,
      12.25,
      9.3,
      26.4,
      38.45,
      43.6,
      33
    ],
    [
      11.9,
      16.65,
      8.8,
      46.1,
      21.8,
      44.9,
      34
    ],
    [
      11.8,
      16.55,
      8.8,
      27.1,
      21.9,
      21.799999999999997,
      35
    ],
    [
      10.15,
      24.1,
      17.4,
      35.95,
      31.9,
      52.900000000000006,
      36
    ],
    [
      14.85,
      11.5,
      5.2,
      43.15,
      10.3,
      39.4,
      37
    ],
    [
      18.25,
      13.95,
      8.9,
      27.85,
      0.0,
      47.4,
      38
    ],
    [
      19.5,
      15.05,
      7.8,
      0.0,
      40.95,
      46.400000000000006,
      39
    ],
    [
      22.85,
      14.35,
      15.3,
      0.0,
      17.55,
      46.3,
      40
    ],
    [
      11.85,
      14.9,
      4.7,
      0.0,
      41.1,
      54.2,
      41
    ],
    [
      11.85,
      14.9,
      4.7,
      24.1,
      41.1,
      52.900000000000006,
      42
    ],
    [
      21.5,
      14.7,
      6.4,
      4.8,
      0.0,
      46.199999999999996,
      43
    ],
    [
      10.85,
      17.9,
      11.0,
      25.1,
      15.0,
      30.599999999999998,
      44
    ],
    [
      28.5,
      22.8,
      7.8,
      29.5,
      33.2,
      70.30000000000001,
      45
    ],
    [
      8.95,
      10.7,
      8.7,
      20.55,
      45.3,
      57.60000000000001,
      46
    ],
    [
      9.6,
      15.5,
      10.0,
      26.35,
      17.7,
      41.599999999999994,
      47
    ],
    [
      8.9,
      20.55,
      15.0,
      49.1,
      12.65,
      53.7,
      48
    ],
    [
      11.4,
      16.1,
      8.8,
      9.15,
      0.0,
      52.599999999999994,
      49
    ],
    [
      19.15,
      15.45,
      8.0,
      10.35,
      0.0,
      61.39999999999999,
      50
    ],
    [
      19.0,
      12.55,
      9.2,
      0.0,
      43.45,
      58.900000000000006,
      51
    ],
    [
      20.4,
      13.2,
      17.9,
      22.85,
      18.7,
      51.599999999999994,
      52
    ],
    [
      16.85,
      16.65,
      6.5,
      0.0,
      39.35,
      68.10000000000001,
      53
    ],
    [
      16.65,
      16.85,
      6.5,
      0.0,
      22.5,
      61.599999999999994,
      54
    ],
    [
      14.3,
      10.9,
      8.4,
      29.5,
      7.8,
      56.3,
      55
    ],
    [
      12.4,
      17.95,
      7.0,
      10.45,
      0.0,
      69.39999999999999,
      56
    ],
    [
      16.4,
      11.65,
      8.9,
      19.55,
      21.55,
      69.5,
      57
    ],
    [
      10.35,
      14.55,
      6.9,
      0.0,
      24.8,
      68.1,
      58
    ],
    [
      12.95,
      12.7,
      5.7,
      29.5,
      6.0,
      64.7,
      59
    ],
    [
      11.95,
      17.95,
      9.2,
      46.05,
      13.95,
      68.7,
      60
    ],
    [
      17.85,
      13.5,
      7.8,
      22.85,
      0.45,
      70.4,
      61
    ]
  ],
  "statistics": {
    "packed_count": 61,
    "total_items": 100,
    "space_ratio": 0.5519187740532636,
    "total_reward": 5.519187740532633,
    "timestamp": "2026-01-18T10:36:46.615751"
  }
}