{
  "episode": 25,
  "container_size": [
    58,
    56,
    80
  ],
  "cube_definition": [
    [
      21.55,
      14.5,
      11.5,
      0.0,
      41.5,
      0.0,
      1
    ],
    [
      21.55,
      14.5,
      11.5,
      36.45,
      27.0,
      0.0,
      2
    ],
    [
      18.05,
      12.0,
      11.2,
      39.95,
      44.0,
      0.0,
      3
    ],
    [
      17.85,
      12.4,
      7.0,
      40.15,
      0.0,
      0.0,
      4
    ],
    [
      18.4,
      12.55,
      9.2,
      39.6,
      0.0,
      7.0,
      5
    ],
    [
      21.35,
      14.1,
      9.6,
      18.25,
      0.0,
      0.0,
      6
    ],
    [
      14.25,
      16.9,
      11.4,
      0.0,
      39.1,
      11.5,
      7
    ],
    [
      16.6,
      10.25,
      9.2,
      0.0,
      16.75,
      0.0,
      8
    ],
    [
      12.2,
      19.5,
      10.8,
      24.25,
      14.1,
      0.0,
      9
    ],
    [
      19.4,
      14.5,
      9.9,
      38.6,
      41.5,
      11.2,
      10
    ],
    [
      11.3,
      18.15,
      11.9,
      21.55,
      37.85,
      0.0,
      11
    ],
    [
      19.05,
      11.8,
      11.1,
      38.95,
      44.2,
      21.1,
      12
    ],
    [
      15.0,
      9.8,
      10.3,
      0.0,
      46.2,
      22.9,
      13
    ],
    [
      19.15,
      15.0,
      10.2,
      0.0,
      41.0,
      33.2,
      14
    ],
    [
      8.1,
      13.95,
      8.8,
      49.9,
      42.05,
      32.2,
      15
    ],
    [
      18.35,
      11.75,
      9.6,
      39.65,
      0.0,
      16.2,
      16
    ],
    [
      17.4,
      17.65,
      16.8,
      19.15,
      38.35,
      11.9,
      17
    ],
    [
      18.4,
      15.15,
      3.9,
      31.5,
      0.0,
      25.799999999999997,
      18
    ],
    [
      10.45,
      14.65,
      8.7,
      0.0,
      41.35,
      43.400000000000006,
      19
    ],
    [
      17.55,
      13.65,
      10.8,
      40.45,
      24.7,
      11.5,
      20
    ],
    [
      16.85,
      19.95,
      12.5,
      33.05,
      36.05,
      32.2,
      21
    ],
    [
      10.95,
      17.5,
      7.1,
      0.0,
      38.5,
      52.10000000000001,
      22
    ],
    [
      10.45,
      14.35,
      6.8,
      0.0,
      15.15,
      9.2,
      23
    ],
    [
      15.85,
      14.0,
      10.8,
      15.65,
      0.0,
      9.6,
      24
    ],
    [
      10.35,
      18.1,
      6.8,
      22.7,
      15.15,
      10.8,
      25
    ],
    [
      15.05,
      7.75,
      4.7,
      10.95,
      0.0,
      20.4,
      26
    ],
    [
      12.3,
      18.85,
      10.7,
      0.0,
      15.15,
      16.0,
      27
    ],
    [
      20.35,
      15.2,
      11.3,
      37.65,
      20.85,
      22.3,
      28
    ],
    [
      16.3,
      13.9,
      7.5,
      15.2,
      24.45,
      17.6,
      29
    ],
    [
      9.2,
      18.4,
      11.2,
      0.0,
      17.65,
      26.7,
      30
    ],
    [
      18.3,
      12.25,
      7.2,
      9.2,
      0.0,
      25.099999999999998,
      31
    ],
    [
      11.35,
      15.75,
      13.0,
      20.15,
      22.6,
      25.1,
      32
    ],
    [
      17.95,
      13.0,
      8.8,
      15.1,
      0.0,
      32.3,
      33
    ],
    [
      15.8,
      10.6,
      10.3,
      17.25,
      30.4,
      38.1,
      34
    ],
    [
      15.45,
      11.7,
      9.8,
      33.05,
      44.3,
      44.7,
      35
    ],
    [
      10.85,
      12.9,
      10.3,
      22.2,
      43.1,
      28.700000000000003,
      36
    ],
    [
      14.25,
      20.1,
      10.0,
      0.0,
      35.9,
      59.20000000000001,
      37
    ],
    [
      7.7,
      14.9,
      4.7,
      14.25,
      41.1,
      43.400000000000006,
      38
    ],
    [
      10.9,
      18.75,
      12.2,
      33.05,
      17.3,
      33.6,
      39
    ],
    [
      17.4,
      12.65,
      8.8,
      40.6,
      4.65,
      29.699999999999996,
      40
    ],
    [
      14.85,
      10.6,
      8.8,
      0.0,
      13.0,
      37.9,
      41
    ],
    [
      10.25,
      14.35,
      6.6,
      22.8,
      41.0,
      39.0,
      42
    ],
    [
      11.45,
      8.0,
      5.2,
      0.0,
      27.9,
      37.9,
      43
    ],
    [
      18.3,
      13.2,
      7.4,
      0.0,
      42.8,
      69.20000000000002,
      44
    ],
    [
      16.2,
      11.4,
      7.5,
      1.05,
      23.6,
      43.1,
      45
    ],
    [
      15.2,
      15.25,
      9.3,
      14.85,
      0.0,
      41.099999999999994,
      46
    ],
    [
      12.2,
      18.35,
      9.7,
      43.95,
      17.7,
      33.6,
      47
    ],
    [
      13.6,
      9.55,
      8.5,
      0.0,
      14.05,
      46.7,
      48
    ],
    [
      8.95,
      11.55,
      8.1,
      43.95,
      24.5,
      43.3,
      49
    ],
    [
      13.0,
      8.0,
      9.5,
      18.3,
      0.0,
      50.39999999999999,
      50
    ],
    [
      10.9,
      18.85,
      11.9,
      33.05,
      25.45,
      45.8,
      51
    ],
    [
      18.85,
      12.8,
      9.7,
      39.15,
      4.5,
      38.5,
      52
    ],
    [
      15.45,
      20.35,
      7.5,
      42.55,
      0.0,
      48.2,
      53
    ],
    [
      19.05,
      11.95,
      5.3,
      38.95,
      0.0,
      55.7,
      54
    ],
    [
      15.55,
      17.85,
      4.3,
      17.25,
      24.95,
      48.400000000000006,
      55
    ],
    [
      18.0,
      19.85,
      16.5,
      15.05,
      22.95,
      52.7,
      56
    ],
    [
      21.35,
      17.25,
      15.2,
      36.65,
      0.0,
      61.0,
      57
    ],
    [
      17.8,
      19.65,
      16.4,
      33.05,
      17.25,
      57.699999999999996,
      58
    ],
    [
      18.0,
      13.0,
      9.3,
      18.65,
      0.0,
      59.89999999999999,
      59
    ],
    [
      16.05,
      11.0,
      8.4,
      20.6,
      0.0,
      69.19999999999999,
      60
    ],
    [
      9.35,
      11.6,
      9.7,
      21.95,
      42.8,
      45.6,
      61
    ],
    [
      16.25,
      13.85,
      8.3,
      16.8,
      11.0,
      69.2,
      62
    ],
    [
      11.35,
      9.15,
      7.8,
      3.7,
      26.75,
      50.6,
      63
    ],
    [
      9.15,
      11.35,
      7.8,
      18.3,
      44.3,
      55.3,
      64
    ],
    [
      11.55,
      9.0,
      7.7,
      18.3,
      47.0,
      63.099999999999994,
      65
    ],
    [
      13.95,
      11.25,
      9.2,
      19.1,
      31.55,
      69.2,
      66
    ],
    [
      18.3,
      11.75,
      3.0,
      0.8,
      24.85,
      69.20000000000002,
      67
    ],
    [
      14.95,
      11.6,
      4.8,
      0.1,
      13.25,
      55.2,
      68
    ]
  ],
  "statistics": {
    "packed_count": 68,
    "total_items": 100,
    "space_ratio": 0.5370341344673645,
    "total_reward": 5.3703413446736485,
    "timestamp": "2026-01-18T09:24:24.610797"
  }
}