{
  "episode": 33,
  "container_size": [
    58,
    56,
    80
  ],
  "cube_definition": [
    [
      19.6,
      11.7,
      11.6,
      38.4,
      0.0,
      0.0,
      1
    ],
    [
      11.7,
      19.6,
      11.6,
      0.0,
      36.4,
      0.0,
      2
    ],
    [
      18.9,
      21.25,
      11.1,
      19.5,
      15.15,
      0.0,
      3
    ],
    [
      19.05,
      14.35,
      10.1,
      38.95,
      41.65,
      0.0,
      4
    ],
    [
      12.15,
      10.05,
      7.8,
      0.0,
      11.7,
      0.0,
      5
    ],
    [
      13.55,
      10.9,
      14.4,
      0.0,
      0.0,
      0.0,
      6
    ],
    [
      17.0,
      20.85,
      7.8,
      11.7,
      11.7,
      11.1,
      7
    ],
    [
      17.5,
      9.2,
      10.4,
      40.5,
      0.0,
      11.6,
      8
    ],
    [
      12.8,
      14.7,
      12.6,
      45.2,
      41.3,
      10.1,
      9
    ],
    [
      17.5,
      12.65,
      9.2,
      40.5,
      28.65,
      0.0,
      10
    ],
    [
      17.45,
      12.35,
      8.7,
      11.7,
      43.65,
      0.0,
      11
    ],
    [
      12.95,
      16.5,
      9.2,
      45.05,
      0.0,
      22.0,
      12
    ],
    [
      15.65,
      13.1,
      8.8,
      0.0,
      42.9,
      11.6,
      13
    ],
    [
      13.7,
      18.85,
      9.7,
      15.65,
      37.15,
      8.7,
      14
    ],
    [
      15.7,
      22.3,
      9.7,
      29.5,
      16.5,
      11.1,
      15
    ],
    [
      12.55,
      17.3,
      9.5,
      16.95,
      38.7,
      18.4,
      16
    ],
    [
      24.45,
      15.85,
      18.1,
      33.55,
      0.0,
      31.2,
      17
    ],
    [
      14.7,
      13.65,
      10.4,
      43.3,
      42.35,
      22.7,
      18
    ],
    [
      16.25,
      12.45,
      4.7,
      29.5,
      16.5,
      20.799999999999997,
      19
    ],
    [
      12.6,
      17.1,
      8.6,
      0.0,
      38.9,
      20.4,
      20
    ],
    [
      17.25,
      22.25,
      7.5,
      0.0,
      33.75,
      29.0,
      21
    ],
    [
      16.55,
      13.65,
      10.2,
      29.5,
      16.5,
      25.499999999999996,
      22
    ],
    [
      14.25,
      15.95,
      7.2,
      43.75,
      40.05,
      33.1,
      23
    ],
    [
      10.15,
      12.2,
      7.8,
      0.0,
      43.8,
      36.5,
      24
    ],
    [
      10.95,
      17.4,
      10.6,
      17.25,
      21.3,
      18.9,
      25
    ],
    [
      21.25,
      16.3,
      11.3,
      17.25,
      39.7,
      27.9,
      26
    ],
    [
      16.4,
      22.8,
      12.6,
      0.0,
      33.2,
      44.3,
      27
    ],
    [
      16.25,
      21.2,
      11.3,
      41.75,
      34.8,
      40.300000000000004,
      28
    ],
    [
      14.95,
      11.15,
      7.0,
      18.6,
      0.55,
      0.0,
      29
    ],
    [
      17.0,
      13.7,
      7.2,
      12.5,
      19.5,
      29.5,
      30
    ],
    [
      21.3,
      14.25,
      14.2,
      36.7,
      0.0,
      49.3,
      31
    ],
    [
      24.2,
      17.15,
      12.9,
      16.4,
      17.65,
      36.7,
      32
    ],
    [
      12.25,
      10.05,
      7.9,
      45.75,
      0.0,
      63.5,
      33
    ],
    [
      17.0,
      10.8,
      10.7,
      0.0,
      0.0,
      14.4,
      34
    ],
    [
      16.45,
      21.45,
      8.9,
      20.25,
      11.75,
      49.6,
      35
    ],
    [
      11.0,
      15.05,
      10.8,
      0.0,
      40.95,
      56.9,
      36
    ],
    [
      20.85,
      8.5,
      12.2,
      0.0,
      0.0,
      25.1,
      37
    ],
    [
      17.65,
      12.75,
      8.8,
      40.35,
      43.25,
      51.60000000000001,
      38
    ],
    [
      21.15,
      13.25,
      14.2,
      36.85,
      42.75,
      60.400000000000006,
      39
    ],
    [
      12.45,
      17.55,
      8.3,
      33.3,
      0.0,
      63.5,
      40
    ],
    [
      12.6,
      17.2,
      9.0,
      16.4,
      34.8,
      39.2,
      41
    ],
    [
      20.2,
      14.8,
      7.6,
      16.65,
      41.2,
      48.2,
      42
    ],
    [
      10.5,
      10.35,
      5.4,
      0.0,
      22.85,
      0.0,
      43
    ],
    [
      14.5,
      10.9,
      7.5,
      0.0,
      0.0,
      37.3,
      44
    ],
    [
      18.35,
      17.7,
      10.1,
      16.4,
      33.2,
      55.800000000000004,
      45
    ],
    [
      14.1,
      18.45,
      3.4,
      0.0,
      0.0,
      44.8,
      46
    ],
    [
      15.85,
      11.95,
      10.7,
      42.15,
      30.8,
      51.60000000000001,
      47
    ],
    [
      17.1,
      11.7,
      10.8,
      0.0,
      0.0,
      48.199999999999996,
      48
    ],
    [
      16.1,
      20.55,
      8.3,
      17.2,
      12.65,
      58.5,
      49
    ],
    [
      12.4,
      15.8,
      5.2,
      24.45,
      17.55,
      66.8,
      50
    ],
    [
      12.9,
      15.75,
      10.3,
      23.95,
      33.35,
      65.9,
      51
    ],
    [
      15.45,
      9.0,
      9.9,
      0.0,
      47.0,
      67.7,
      52
    ],
    [
      10.85,
      17.05,
      10.7,
      13.1,
      23.9,
      66.8,
      53
    ],
    [
      14.85,
      10.75,
      7.1,
      0.0,
      0.0,
      59.0,
      54
    ],
    [
      15.55,
      18.9,
      9.1,
      1.65,
      0.0,
      66.1,
      55
    ],
    [
      18.9,
      15.55,
      9.1,
      36.85,
      27.2,
      62.30000000000001,
      56
    ],
    [
      18.95,
      15.4,
      8.2,
      39.05,
      27.35,
      71.4,
      57
    ]
  ],
  "statistics": {
    "packed_count": 57,
    "total_items": 100,
    "space_ratio": 0.5197282625846676,
    "total_reward": 5.197282625846676,
    "timestamp": "2026-01-18T11:35:27.150808"
  }
}