{
  "episode": 50,
  "container_size": [
    58,
    56,
    80
  ],
  "cube_definition": [
    [
      21.0,
      19.6,
      11.1,
      37.0,
      36.4,
      0.0,
      1
    ],
    [
      21.0,
      19.6,
      11.1,
      16.0,
      0.0,
      0.0,
      2
    ],
    [
      19.95,
      19.55,
      5.1,
      38.05,
      0.0,
      0.0,
      3
    ],
    [
      9.2,
      15.85,
      7.3,
      37.0,
      19.55,
      0.0,
      4
    ],
    [
      18.2,
      10.25,
      12.6,
      0.0,
      45.75,
      0.0,
      5
    ],
    [
      16.05,
      12.7,
      10.5,
      37.0,
      0.0,
      5.1,
      6
    ],
    [
      16.15,
      21.2,
      7.8,
      41.85,
      0.0,
      15.6,
      7
    ],
    [
      16.2,
      12.6,
      10.4,
      18.2,
      19.6,
      0.0,
      8
    ],
    [
      20.7,
      16.45,
      8.0,
      37.3,
      29.3,
      11.1,
      9
    ],
    [
      21.4,
      16.05,
      11.7,
      15.6,
      0.0,
      11.1,
      10
    ],
    [
      13.75,
      19.1,
      9.9,
      0.0,
      16.05,
      0.0,
      11
    ],
    [
      17.55,
      12.55,
      8.8,
      19.45,
      43.45,
      0.0,
      12
    ],
    [
      22.05,
      15.6,
      6.2,
      14.95,
      19.6,
      10.4,
      13
    ],
    [
      13.0,
      18.75,
      5.3,
      24.3,
      16.05,
      16.6,
      14
    ],
    [
      13.0,
      18.75,
      5.3,
      28.85,
      16.05,
      21.900000000000002,
      15
    ],
    [
      12.95,
      18.8,
      5.3,
      45.05,
      0.0,
      23.4,
      16
    ],
    [
      18.25,
      20.05,
      10.9,
      39.75,
      34.8,
      19.1,
      17
    ],
    [
      15.3,
      9.5,
      7.0,
      0.0,
      46.5,
      12.6,
      18
    ],
    [
      11.1,
      13.3,
      7.2,
      3.85,
      0.0,
      0.0,
      19
    ],
    [
      11.1,
      13.3,
      7.2,
      46.9,
      0.0,
      28.7,
      20
    ],
    [
      9.55,
      19.55,
      5.2,
      18.2,
      35.2,
      8.8,
      21
    ],
    [
      14.15,
      9.0,
      8.9,
      0.8,
      35.15,
      0.0,
      22
    ],
    [
      19.85,
      21.0,
      18.4,
      9.0,
      0.0,
      22.799999999999997,
      23
    ],
    [
      19.35,
      19.7,
      7.0,
      15.3,
      35.2,
      14.0,
      24
    ],
    [
      14.45,
      20.5,
      8.0,
      43.55,
      0.0,
      35.9,
      25
    ],
    [
      16.4,
      12.95,
      7.8,
      28.85,
      21.85,
      27.200000000000003,
      26
    ],
    [
      12.95,
      16.4,
      7.8,
      15.9,
      39.6,
      21.0,
      27
    ],
    [
      15.1,
      13.95,
      11.3,
      0.0,
      42.05,
      19.6,
      28
    ],
    [
      18.0,
      12.25,
      5.5,
      40.0,
      34.8,
      30.0,
      29
    ],
    [
      20.3,
      16.35,
      7.7,
      0.0,
      39.65,
      30.900000000000002,
      30
    ],
    [
      9.0,
      15.25,
      7.4,
      31.0,
      24.4,
      35.0,
      31
    ],
    [
      9.5,
      15.5,
      7.2,
      0.0,
      24.15,
      9.9,
      32
    ],
    [
      14.85,
      19.55,
      6.7,
      16.15,
      0.0,
      41.199999999999996,
      33
    ],
    [
      10.6,
      16.55,
      10.2,
      20.3,
      34.8,
      28.8,
      34
    ],
    [
      15.2,
      12.0,
      8.2,
      42.8,
      39.65,
      35.5,
      35
    ],
    [
      15.2,
      9.45,
      7.2,
      5.1,
      46.55,
      38.6,
      36
    ],
    [
      15.7,
      8.7,
      7.8,
      0.2,
      21.0,
      17.1,
      37
    ],
    [
      16.5,
      18.95,
      10.7,
      41.5,
      37.05,
      43.7,
      38
    ],
    [
      16.75,
      16.5,
      9.7,
      0.0,
      39.5,
      45.800000000000004,
      39
    ],
    [
      14.75,
      10.45,
      8.7,
      20.3,
      39.65,
      39.0,
      40
    ],
    [
      10.55,
      13.95,
      6.7,
      31.0,
      0.0,
      22.799999999999997,
      41
    ],
    [
      11.5,
      9.15,
      7.8,
      31.0,
      27.9,
      42.4,
      42
    ],
    [
      7.8,
      14.6,
      5.2,
      16.75,
      0.0,
      47.9,
      43
    ],
    [
      11.55,
      16.3,
      9.0,
      31.0,
      0.0,
      29.499999999999996,
      44
    ],
    [
      19.25,
      11.6,
      8.4,
      22.25,
      27.9,
      50.199999999999996,
      45
    ],
    [
      16.4,
      16.4,
      12.3,
      16.75,
      39.5,
      47.7,
      46
    ],
    [
      10.75,
      13.75,
      7.7,
      47.25,
      39.5,
      54.400000000000006,
      47
    ],
    [
      11.6,
      16.4,
      8.8,
      41.5,
      0.0,
      43.9,
      48
    ],
    [
      11.7,
      15.0,
      10.4,
      0.0,
      41.0,
      55.5,
      49
    ],
    [
      9.75,
      16.45,
      8.6,
      41.5,
      0.0,
      52.7,
      50
    ],
    [
      15.35,
      12.4,
      9.6,
      42.65,
      0.0,
      61.300000000000004,
      51
    ],
    [
      19.15,
      12.85,
      12.4,
      11.7,
      0.0,
      53.1,
      52
    ],
    [
      14.7,
      8.25,
      7.3,
      0.0,
      21.0,
      24.900000000000002,
      53
    ],
    [
      15.3,
      20.3,
      11.3,
      11.7,
      35.7,
      60.0,
      54
    ],
    [
      12.25,
      19.85,
      14.6,
      27.0,
      19.65,
      58.599999999999994,
      55
    ],
    [
      13.75,
      17.7,
      9.2,
      13.25,
      0.0,
      65.5,
      56
    ],
    [
      17.85,
      21.7,
      8.3,
      39.25,
      34.3,
      62.10000000000001,
      57
    ],
    [
      11.35,
      13.0,
      6.8,
      27.0,
      43.0,
      60.0,
      58
    ],
    [
      11.35,
      13.0,
      6.8,
      0.35,
      21.0,
      32.2,
      59
    ],
    [
      15.15,
      11.75,
      10.6,
      0.0,
      21.0,
      39.0,
      60
    ],
    [
      18.25,
      12.85,
      9.8,
      0.0,
      17.7,
      49.6,
      61
    ],
    [
      12.85,
      18.25,
      9.8,
      0.4,
      17.45,
      59.400000000000006,
      62
    ],
    [
      12.75,
      17.8,
      10.0,
      0.0,
      17.9,
      69.2,
      63
    ],
    [
      12.7,
      12.7,
      6.3,
      12.75,
      43.3,
      71.3,
      64
    ],
    [
      7.95,
      14.7,
      7.3,
      39.25,
      0.0,
      70.9,
      65
    ],
    [
      15.0,
      9.45,
      6.5,
      43.0,
      39.5,
      70.4,
      66
    ],
    [
      14.65,
      8.5,
      7.0,
      43.35,
      31.0,
      70.4,
      67
    ],
    [
      7.7,
      12.25,
      11.6,
      13.25,
      23.45,
      59.400000000000006,
      68
    ],
    [
      12.75,
      12.7,
      6.7,
      30.6,
      26.8,
      73.19999999999999,
      69
    ],
    [
      9.4,
      9.0,
      6.0,
      12.75,
      34.3,
      71.3,
      70
    ]
  ],
  "statistics": {
    "packed_count": 70,
    "total_items": 100,
    "space_ratio": 0.5296436691810343,
    "total_reward": 5.296436691810346,
    "timestamp": "2026-01-18T19:51:35.768043"
  }
}