{
  "episode": 44,
  "container_size": [
    58,
    56,
    80
  ],
  "cube_definition": [
    [
      21.2,
      12.05,
      8.4,
      36.8,
      43.95,
      0.0,
      1
    ],
    [
      21.2,
      12.05,
      8.4,
      0.0,
      43.95,
      0.0,
      2
    ],
    [
      11.55,
      15.65,
      10.7,
      0.0,
      0.0,
      0.0,
      3
    ],
    [
      11.0,
      14.8,
      8.8,
      47.0,
      29.15,
      0.0,
      4
    ],
    [
      14.05,
      21.15,
      9.8,
      32.95,
      0.0,
      0.0,
      5
    ],
    [
      17.15,
      13.6,
      8.6,
      11.55,
      0.0,
      0.0,
      6
    ],
    [
      18.85,
      15.0,
      9.3,
      28.15,
      21.15,
      0.0,
      7
    ],
    [
      17.6,
      11.95,
      10.2,
      40.4,
      44.05,
      8.4,
      8
    ],
    [
      15.5,
      10.8,
      8.6,
      12.65,
      13.6,
      0.0,
      9
    ],
    [
      12.75,
      17.4,
      8.7,
      21.2,
      38.6,
      0.0,
      10
    ],
    [
      21.2,
      11.35,
      8.7,
      11.55,
      0.0,
      8.6,
      11
    ],
    [
      10.75,
      18.95,
      9.3,
      47.25,
      0.0,
      0.0,
      12
    ],
    [
      20.4,
      13.1,
      12.6,
      11.55,
      42.9,
      8.7,
      13
    ],
    [
      20.25,
      13.15,
      12.6,
      0.0,
      29.75,
      0.0,
      14
    ],
    [
      16.35,
      11.65,
      10.4,
      11.55,
      18.1,
      8.6,
      15
    ],
    [
      14.1,
      19.05,
      7.2,
      43.9,
      36.95,
      18.6,
      16
    ],
    [
      10.4,
      16.6,
      8.6,
      47.0,
      0.0,
      9.3,
      17
    ],
    [
      9.8,
      15.4,
      9.9,
      37.2,
      0.0,
      9.8,
      18
    ],
    [
      9.65,
      13.6,
      7.3,
      0.0,
      0.0,
      10.7,
      19
    ],
    [
      9.65,
      13.6,
      7.3,
      0.0,
      0.0,
      18.0,
      20
    ],
    [
      13.6,
      8.35,
      8.7,
      30.3,
      15.4,
      9.8,
      21
    ],
    [
      15.25,
      12.0,
      8.3,
      21.95,
      0.0,
      17.299999999999997,
      22
    ],
    [
      12.0,
      17.95,
      9.2,
      9.95,
      0.0,
      17.299999999999997,
      23
    ],
    [
      12.7,
      17.65,
      8.7,
      31.2,
      23.75,
      9.3,
      24
    ],
    [
      13.55,
      9.5,
      7.3,
      21.95,
      0.0,
      25.599999999999998,
      25
    ],
    [
      9.2,
      11.05,
      6.8,
      37.2,
      25.9,
      18.0,
      26
    ],
    [
      10.25,
      16.35,
      8.4,
      21.95,
      12.0,
      19.0,
      27
    ],
    [
      9.8,
      15.15,
      9.2,
      34.1,
      28.35,
      24.8,
      28
    ],
    [
      20.95,
      14.4,
      11.2,
      13.15,
      41.6,
      21.299999999999997,
      29
    ],
    [
      14.7,
      10.3,
      8.2,
      7.25,
      17.95,
      19.0,
      30
    ],
    [
      15.9,
      9.7,
      8.9,
      32.2,
      15.4,
      18.5,
      31
    ],
    [
      8.75,
      13.55,
      7.2,
      25.35,
      42.45,
      32.5,
      32
    ],
    [
      9.85,
      17.3,
      11.3,
      0.0,
      0.0,
      25.3,
      33
    ],
    [
      12.45,
      19.2,
      8.4,
      9.5,
      17.3,
      27.2,
      34
    ],
    [
      8.7,
      13.75,
      7.3,
      47.0,
      1.65,
      17.9,
      35
    ],
    [
      15.3,
      12.75,
      8.4,
      10.05,
      43.25,
      32.5,
      36
    ],
    [
      13.899,
      10.161,
      5.7,
      44.101,
      5.239,
      25.2,
      37
    ],
    [
      8.7,
      13.7,
      9.1,
      49.3,
      0.0,
      30.9,
      38
    ],
    [
      12.1,
      17.95,
      9.2,
      45.9,
      38.05,
      25.8,
      39
    ],
    [
      16.1,
      10.05,
      8.8,
      9.25,
      17.3,
      35.6,
      40
    ],
    [
      13.2,
      16.5,
      3.9,
      0.0,
      0.0,
      36.6,
      41
    ],
    [
      16.75,
      10.15,
      8.6,
      25.35,
      0.0,
      32.9,
      42
    ],
    [
      11.45,
      11.75,
      9.8,
      46.55,
      0.0,
      40.0,
      43
    ],
    [
      15.05,
      10.25,
      8.3,
      0.0,
      0.0,
      40.5,
      44
    ],
    [
      9.55,
      15.65,
      11.4,
      48.45,
      40.35,
      35.0,
      45
    ],
    [
      11.95,
      13.5,
      7.2,
      0.0,
      0.0,
      48.8,
      46
    ],
    [
      9.7,
      14.8,
      8.0,
      34.1,
      10.15,
      27.4,
      47
    ],
    [
      16.15,
      9.6,
      8.8,
      25.35,
      0.0,
      41.5,
      48
    ],
    [
      13.4,
      11.95,
      7.4,
      32.5,
      30.5,
      34.0,
      49
    ],
    [
      13.5,
      16.45,
      3.9,
      11.95,
      39.55,
      40.9,
      50
    ],
    [
      16.35,
      12.2,
      7.8,
      11.95,
      43.8,
      44.8,
      51
    ],
    [
      17.35,
      16.25,
      5.5,
      29.2,
      27.55,
      41.4,
      52
    ],
    [
      16.35,
      11.9,
      10.6,
      41.65,
      0.0,
      49.8,
      53
    ],
    [
      16.05,
      11.2,
      9.3,
      41.95,
      43.8,
      46.4,
      54
    ],
    [
      15.8,
      16.15,
      6.1,
      13.4,
      13.5,
      44.400000000000006,
      55
    ],
    [
      19.35,
      14.75,
      7.3,
      29.95,
      11.9,
      35.4,
      56
    ],
    [
      10.7,
      20.05,
      6.0,
      47.3,
      35.95,
      55.7,
      57
    ],
    [
      17.75,
      12.75,
      9.1,
      0.0,
      0.0,
      56.0,
      58
    ],
    [
      11.95,
      15.7,
      15.4,
      11.95,
      12.75,
      50.50000000000001,
      59
    ],
    [
      15.635,
      10.361,
      8.1,
      26.015,
      2.389,
      50.3,
      60
    ],
    [
      10.361,
      15.635,
      8.1,
      47.639,
      0.0,
      60.4,
      61
    ],
    [
      13.502,
      19.701,
      9.2,
      33.798,
      24.099,
      46.9,
      62
    ],
    [
      13.502,
      19.701,
      9.2,
      34.137,
      16.249,
      56.099999999999994,
      63
    ],
    [
      12.8,
      18.85,
      6.8,
      45.2,
      35.95,
      61.7,
      64
    ],
    [
      12.25,
      14.8,
      7.7,
      45.75,
      41.2,
      68.5,
      65
    ],
    [
      16.95,
      12.6,
      10.7,
      28.25,
      28.45,
      65.3,
      66
    ],
    [
      19.35,
      12.0,
      10.3,
      38.65,
      0.0,
      68.5,
      67
    ],
    [
      19.7,
      12.0,
      9.8,
      14.098,
      41.05,
      52.599999999999994,
      68
    ],
    [
      19.35,
      11.9,
      10.4,
      19.3,
      0.0,
      58.4,
      69
    ],
    [
      14.4,
      21.85,
      8.4,
      13.85,
      34.15,
      62.39999999999999,
      70
    ],
    [
      19.7,
      13.05,
      8.8,
      8.55,
      11.9,
      65.9,
      71
    ],
    [
      13.05,
      19.7,
      8.8,
      15.2,
      36.3,
      70.8,
      72
    ],
    [
      9.9,
      12.9,
      7.2,
      0.15,
      43.1,
      8.4,
      73
    ]
  ],
  "statistics": {
    "packed_count": 73,
    "total_items": 100,
    "space_ratio": 0.4878988824511236,
    "total_reward": 4.878988824511238,
    "timestamp": "2026-01-18T18:11:27.573360"
  }
}