{
  "episode": 45,
  "container_size": [
    58,
    56,
    80
  ],
  "cube_definition": [
    [
      11.0,
      23.6,
      6.5,
      0.0,
      0.0,
      0.0,
      1
    ],
    [
      11.0,
      23.6,
      6.5,
      47.0,
      32.4,
      0.0,
      2
    ],
    [
      19.5,
      13.2,
      4.9,
      27.5,
      42.8,
      0.0,
      3
    ],
    [
      22.95,
      18.05,
      11.6,
      11.0,
      24.75,
      0.0,
      4
    ],
    [
      15.45,
      12.8,
      11.3,
      42.55,
      42.8,
      6.5,
      5
    ],
    [
      22.15,
      17.0,
      16.3,
      35.85,
      7.75,
      0.0,
      6
    ],
    [
      16.15,
      22.7,
      12.8,
      41.85,
      0.0,
      16.3,
      7
    ],
    [
      15.3,
      13.5,
      8.3,
      20.55,
      11.25,
      0.0,
      8
    ],
    [
      13.2,
      19.35,
      6.1,
      0.0,
      0.0,
      6.5,
      9
    ],
    [
      14.95,
      18.75,
      9.6,
      20.9,
      6.0,
      8.3,
      10
    ],
    [
      14.2,
      20.9,
      6.3,
      43.8,
      35.1,
      17.8,
      11
    ],
    [
      19.15,
      13.25,
      10.8,
      1.75,
      0.0,
      12.6,
      12
    ],
    [
      16.75,
      17.75,
      8.8,
      25.1,
      0.0,
      17.9,
      13
    ],
    [
      9.2,
      19.7,
      5.5,
      0.0,
      36.3,
      0.0,
      14
    ],
    [
      13.2,
      16.65,
      11.2,
      44.8,
      39.35,
      24.1,
      15
    ],
    [
      16.1,
      10.0,
      8.9,
      0.0,
      0.0,
      23.4,
      16
    ],
    [
      16.3,
      13.1,
      7.7,
      26.25,
      42.9,
      4.9,
      17
    ],
    [
      14.9,
      19.0,
      9.6,
      43.1,
      0.0,
      29.1,
      18
    ],
    [
      18.0,
      16.9,
      14.7,
      8.25,
      24.75,
      11.6,
      19
    ],
    [
      21.9,
      10.75,
      8.9,
      16.1,
      45.25,
      12.600000000000001,
      20
    ],
    [
      22.5,
      15.4,
      9.2,
      0.0,
      23.95,
      26.299999999999997,
      21
    ],
    [
      17.3,
      17.55,
      8.3,
      0.0,
      0.0,
      32.3,
      22
    ],
    [
      12.9,
      18.1,
      11.6,
      45.1,
      37.9,
      35.3,
      23
    ],
    [
      21.1,
      16.2,
      11.4,
      0.0,
      0.0,
      40.599999999999994,
      24
    ],
    [
      13.5,
      18.8,
      7.0,
      44.5,
      37.2,
      46.9,
      25
    ],
    [
      15.05,
      19.8,
      7.0,
      0.0,
      0.0,
      51.99999999999999,
      26
    ],
    [
      19.3,
      14.3,
      1.7,
      22.55,
      9.65,
      26.7,
      27
    ],
    [
      19.15,
      11.05,
      11.4,
      24.65,
      44.95,
      21.5,
      28
    ],
    [
      17.3,
      21.3,
      5.8,
      40.7,
      0.0,
      38.7,
      29
    ],
    [
      12.3,
      17.05,
      14.8,
      32.2,
      38.95,
      32.9,
      30
    ],
    [
      16.0,
      20.55,
      5.7,
      0.0,
      19.8,
      35.5,
      31
    ],
    [
      10.45,
      16.8,
      7.4,
      16.0,
      22.15,
      35.5,
      32
    ],
    [
      18.9,
      13.95,
      11.6,
      39.1,
      0.0,
      44.5,
      33
    ],
    [
      13.2,
      19.05,
      6.8,
      2.8,
      19.8,
      41.2,
      34
    ],
    [
      15.55,
      8.0,
      4.7,
      42.45,
      16.2,
      44.5,
      35
    ],
    [
      12.85,
      17.15,
      14.9,
      16.0,
      16.2,
      42.9,
      36
    ],
    [
      13.7,
      19.3,
      6.6,
      30.8,
      36.7,
      47.7,
      37
    ],
    [
      14.2,
      19.25,
      6.7,
      28.85,
      36.75,
      54.300000000000004,
      38
    ],
    [
      12.9,
      18.75,
      9.0,
      43.05,
      0.0,
      56.1,
      39
    ],
    [
      13.15,
      19.15,
      9.1,
      29.9,
      36.85,
      61.00000000000001,
      40
    ],
    [
      19.1,
      13.15,
      6.8,
      38.9,
      0.0,
      65.1,
      41
    ],
    [
      10.8,
      18.681,
      9.7,
      0.0,
      0.0,
      58.99999999999999,
      42
    ],
    [
      10.8,
      18.681,
      9.7,
      0.0,
      19.8,
      48.0,
      43
    ],
    [
      20.55,
      15.8,
      9.1,
      8.3,
      19.8,
      57.8,
      44
    ],
    [
      15.8,
      20.55,
      9.1,
      14.1,
      18.681,
      66.89999999999999,
      45
    ],
    [
      11.1,
      21.35,
      13.2,
      46.9,
      34.65,
      53.9,
      46
    ],
    [
      12.2,
      18.05,
      6.8,
      0.0,
      0.631,
      68.69999999999999,
      47
    ],
    [
      12.2,
      18.05,
      6.8,
      29.9,
      37.95,
      70.10000000000001,
      48
    ],
    [
      12.767,
      19.63,
      8.4,
      45.233,
      36.37,
      67.1,
      49
    ],
    [
      17.35,
      10.55,
      16.8,
      21.55,
      5.65,
      28.4,
      50
    ],
    [
      15.65,
      9.45,
      8.8,
      0.0,
      46.55,
      5.5,
      51
    ],
    [
      15.1,
      9.8,
      8.2,
      0.0,
      46.2,
      14.3,
      52
    ],
    [
      18.05,
      13.15,
      9.7,
      0.0,
      42.85,
      22.5,
      53
    ],
    [
      18.25,
      12.15,
      10.1,
      0.0,
      43.85,
      32.2,
      54
    ],
    [
      8.1,
      18.55,
      6.5,
      49.9,
      0.0,
      71.89999999999999,
      55
    ],
    [
      12.8,
      16.65,
      8.9,
      0.0,
      39.231,
      42.300000000000004,
      56
    ],
    [
      9.6,
      16.9,
      8.8,
      0.0,
      39.1,
      51.2,
      57
    ],
    [
      17.25,
      17.1,
      5.3,
      32.65,
      1.581,
      71.89999999999999,
      58
    ],
    [
      13.1,
      18.25,
      6.2,
      0.0,
      37.75,
      60.0,
      59
    ],
    [
      16.85,
      10.95,
      9.7,
      0.0,
      39.231,
      66.2,
      60
    ]
  ],
  "statistics": {
    "packed_count": 60,
    "total_items": 100,
    "space_ratio": 0.5183860011314656,
    "total_reward": 5.183860011314653,
    "timestamp": "2026-01-18T18:22:51.167361"
  }
}