{
  "episode": 16,
  "container_size": [
    58,
    56,
    80
  ],
  "cube_definition": [
    [
      14.0,
      15.35,
      7.2,
      44.0,
      0.0,
      0.0,
      1
    ],
    [
      14.0,
      15.35,
      7.2,
      30.0,
      40.65,
      0.0,
      2
    ],
    [
      12.5,
      22.05,
      7.8,
      0.0,
      15.35,
      0.0,
      3
    ],
    [
      15.35,
      9.6,
      7.0,
      42.65,
      5.75,
      7.2,
      4
    ],
    [
      17.7,
      13.0,
      8.7,
      24.95,
      27.65,
      0.0,
      5
    ],
    [
      18.95,
      13.75,
      9.8,
      11.05,
      42.25,
      0.0,
      6
    ],
    [
      17.25,
      15.55,
      10.7,
      0.0,
      15.35,
      7.8,
      7
    ],
    [
      12.5,
      13.35,
      4.7,
      42.65,
      15.35,
      0.0,
      8
    ],
    [
      13.8,
      14.45,
      10.3,
      42.65,
      15.35,
      4.7,
      9
    ],
    [
      15.95,
      16.45,
      9.4,
      17.25,
      39.55,
      9.8,
      10
    ],
    [
      16.5,
      10.45,
      8.0,
      33.2,
      45.55,
      7.2,
      11
    ],
    [
      21.6,
      16.1,
      9.0,
      21.05,
      11.55,
      0.0,
      12
    ],
    [
      9.9,
      15.7,
      6.7,
      48.1,
      29.85,
      0.0,
      13
    ],
    [
      16.85,
      21.9,
      7.5,
      41.15,
      17.65,
      15.0,
      14
    ],
    [
      15.85,
      15.25,
      8.7,
      0.0,
      0.0,
      0.0,
      15
    ],
    [
      15.85,
      15.25,
      8.7,
      0.0,
      0.0,
      8.7,
      16
    ],
    [
      15.85,
      15.25,
      8.7,
      0.0,
      0.0,
      17.4,
      17
    ],
    [
      22.8,
      24.05,
      3.1,
      18.35,
      31.95,
      19.200000000000003,
      18
    ],
    [
      20.8,
      14.8,
      6.8,
      0.0,
      15.25,
      18.5,
      19
    ],
    [
      9.95,
      11.85,
      8.3,
      48.05,
      15.25,
      22.5,
      20
    ],
    [
      14.7,
      11.4,
      6.3,
      20.8,
      44.6,
      22.300000000000004,
      21
    ],
    [
      19.0,
      14.05,
      9.8,
      22.15,
      30.55,
      22.300000000000004,
      22
    ],
    [
      11.9,
      18.8,
      11.9,
      8.9,
      0.0,
      26.099999999999998,
      23
    ],
    [
      11.8,
      18.0,
      9.5,
      0.0,
      18.8,
      25.3,
      24
    ],
    [
      12.75,
      10.25,
      6.6,
      20.8,
      20.3,
      9.0,
      25
    ],
    [
      12.85,
      14.65,
      10.8,
      0.0,
      18.8,
      34.8,
      26
    ],
    [
      16.8,
      13.15,
      8.9,
      20.8,
      17.4,
      15.6,
      27
    ],
    [
      14.3,
      16.45,
      10.2,
      20.8,
      14.1,
      24.5,
      28
    ],
    [
      17.25,
      12.65,
      9.1,
      40.75,
      0.0,
      14.2,
      29
    ],
    [
      14.05,
      13.7,
      9.4,
      43.95,
      1.55,
      23.299999999999997,
      30
    ],
    [
      21.35,
      16.55,
      11.3,
      0.0,
      0.0,
      38.0,
      31
    ],
    [
      17.4,
      23.75,
      13.4,
      40.6,
      0.0,
      32.699999999999996,
      32
    ],
    [
      12.5,
      16.1,
      4.4,
      28.1,
      18.8,
      34.7,
      33
    ],
    [
      12.65,
      17.3,
      8.9,
      27.95,
      16.55,
      39.1,
      34
    ],
    [
      16.5,
      21.95,
      8.1,
      0.0,
      16.55,
      45.599999999999994,
      35
    ],
    [
      16.75,
      12.45,
      6.8,
      41.25,
      4.1,
      46.099999999999994,
      36
    ],
    [
      18.05,
      13.8,
      9.2,
      0.0,
      2.75,
      49.3,
      37
    ],
    [
      18.55,
      14.35,
      8.2,
      0.0,
      16.55,
      53.699999999999996,
      38
    ],
    [
      17.45,
      17.9,
      11.8,
      40.55,
      0.0,
      52.89999999999999,
      39
    ],
    [
      18.25,
      13.65,
      9.3,
      0.0,
      0.0,
      58.5,
      40
    ],
    [
      18.2,
      18.3,
      10.9,
      0.0,
      13.65,
      61.89999999999999,
      41
    ],
    [
      16.2,
      21.4,
      7.7,
      41.8,
      0.0,
      64.69999999999999,
      42
    ],
    [
      16.45,
      20.8,
      5.2,
      24.1,
      16.55,
      48.0,
      43
    ],
    [
      17.3,
      20.9,
      6.2,
      24.5,
      17.9,
      53.2,
      44
    ],
    [
      17.4,
      12.65,
      8.7,
      24.4,
      17.9,
      59.400000000000006,
      45
    ],
    [
      15.05,
      14.2,
      8.2,
      18.2,
      30.9,
      59.400000000000006,
      46
    ],
    [
      18.55,
      13.7,
      9.0,
      18.2,
      21.4,
      68.10000000000001,
      47
    ],
    [
      16.0,
      16.7,
      4.7,
      36.75,
      0.0,
      72.39999999999999,
      48
    ],
    [
      16.45,
      12.05,
      8.2,
      0.0,
      31.95,
      53.699999999999996,
      49
    ],
    [
      16.45,
      12.05,
      8.2,
      0.0,
      1.6,
      67.8,
      50
    ],
    [
      18.15,
      9.85,
      7.9,
      0.05,
      31.95,
      61.89999999999999,
      51
    ]
  ],
  "statistics": {
    "packed_count": 51,
    "total_items": 100,
    "space_ratio": 0.41256004175646543,
    "total_reward": 4.125600417564655,
    "timestamp": "2026-01-18T06:01:20.616285"
  }
}