{
  "episode": 29,
  "container_size": [
    58,
    56,
    80
  ],
  "cube_definition": [
    [
      9.8,
      13.7,
      7.2,
      48.2,
      42.3,
      0.0,
      1
    ],
    [
      13.7,
      9.8,
      7.2,
      0.0,
      0.0,
      0.0,
      2
    ],
    [
      13.85,
      9.9,
      7.3,
      44.15,
      0.0,
      0.0,
      3
    ],
    [
      13.3,
      16.5,
      10.2,
      34.9,
      9.9,
      0.0,
      4
    ],
    [
      18.05,
      12.45,
      14.8,
      0.0,
      0.0,
      7.2,
      5
    ],
    [
      16.2,
      12.55,
      8.8,
      18.7,
      0.0,
      0.0,
      6
    ],
    [
      16.2,
      13.75,
      10.2,
      0.0,
      26.4,
      0.0,
      7
    ],
    [
      11.05,
      16.75,
      14.3,
      46.95,
      39.25,
      7.2,
      8
    ],
    [
      17.25,
      13.15,
      6.9,
      0.0,
      42.85,
      0.0,
      9
    ],
    [
      18.05,
      12.15,
      9.8,
      28.9,
      43.85,
      0.0,
      10
    ],
    [
      14.8,
      14.45,
      6.2,
      18.05,
      0.0,
      8.8,
      11
    ],
    [
      21.15,
      8.65,
      6.9,
      36.85,
      12.45,
      10.2,
      12
    ],
    [
      13.0,
      16.85,
      13.7,
      16.2,
      14.45,
      0.0,
      13
    ],
    [
      13.1,
      16.8,
      7.0,
      23.75,
      0.0,
      15.0,
      14
    ],
    [
      8.5,
      13.85,
      7.7,
      0.0,
      42.15,
      6.9,
      15
    ],
    [
      11.25,
      13.75,
      9.2,
      0.0,
      42.25,
      14.600000000000001,
      16
    ],
    [
      15.4,
      15.35,
      11.1,
      0.0,
      23.9,
      10.2,
      17
    ],
    [
      15.85,
      15.7,
      7.5,
      15.4,
      16.8,
      13.7,
      18
    ],
    [
      18.4,
      14.8,
      7.6,
      28.55,
      41.2,
      9.8,
      19
    ],
    [
      7.0,
      12.8,
      6.1,
      31.25,
      26.4,
      0.0,
      20
    ],
    [
      14.55,
      17.9,
      11.9,
      31.25,
      38.1,
      17.4,
      21
    ],
    [
      16.4,
      15.9,
      8.8,
      0.0,
      26.35,
      21.299999999999997,
      22
    ],
    [
      16.6,
      11.45,
      9.2,
      0.0,
      0.0,
      22.0,
      23
    ],
    [
      21.45,
      14.95,
      12.2,
      16.4,
      23.15,
      21.2,
      24
    ],
    [
      9.8,
      14.05,
      7.5,
      48.2,
      25.2,
      0.0,
      25
    ],
    [
      14.05,
      9.8,
      7.5,
      36.85,
      13.35,
      17.1,
      26
    ],
    [
      16.35,
      9.35,
      9.8,
      41.65,
      0.0,
      7.3,
      27
    ],
    [
      18.8,
      17.6,
      12.6,
      16.6,
      5.55,
      22.0,
      28
    ],
    [
      14.6,
      18.85,
      10.1,
      0.0,
      23.15,
      30.099999999999998,
      29
    ],
    [
      7.8,
      14.65,
      5.0,
      50.2,
      38.1,
      21.5,
      30
    ],
    [
      16.2,
      11.75,
      8.9,
      37.85,
      0.0,
      17.1,
      31
    ],
    [
      18.3,
      12.8,
      9.8,
      0.0,
      43.2,
      23.8,
      32
    ],
    [
      19.25,
      13.6,
      11.9,
      37.85,
      0.0,
      26.0,
      33
    ],
    [
      11.85,
      14.6,
      8.1,
      46.15,
      38.1,
      26.5,
      34
    ],
    [
      13.45,
      9.7,
      7.2,
      37.85,
      13.6,
      24.6,
      35
    ],
    [
      8.95,
      11.1,
      7.8,
      19.6,
      38.1,
      0.0,
      36
    ],
    [
      16.15,
      8.6,
      9.1,
      14.6,
      23.15,
      33.4,
      37
    ],
    [
      17.95,
      12.75,
      9.3,
      40.05,
      13.6,
      31.8,
      38
    ],
    [
      16.35,
      12.6,
      7.7,
      41.65,
      0.0,
      37.9,
      39
    ],
    [
      14.65,
      19.7,
      11.1,
      43.35,
      31.75,
      34.6,
      40
    ],
    [
      15.1,
      16.55,
      10.5,
      0.0,
      31.75,
      40.199999999999996,
      41
    ],
    [
      16.5,
      17.2,
      11.8,
      0.0,
      0.0,
      31.2,
      42
    ],
    [
      15.7,
      12.85,
      6.5,
      27.65,
      43.15,
      29.299999999999997,
      43
    ],
    [
      12.7,
      15.95,
      6.5,
      30.65,
      40.05,
      35.8,
      44
    ],
    [
      18.05,
      11.65,
      5.5,
      39.95,
      12.6,
      41.1,
      45
    ],
    [
      12.4,
      14.8,
      14.4,
      0.0,
      0.0,
      43.0,
      46
    ],
    [
      15.85,
      12.55,
      13.3,
      12.4,
      19.2,
      42.5,
      47
    ],
    [
      12.5,
      15.95,
      13.6,
      16.5,
      3.25,
      34.6,
      48
    ],
    [
      10.55,
      14.9,
      8.4,
      47.45,
      41.1,
      45.7,
      49
    ],
    [
      9.85,
      12.35,
      7.0,
      28.25,
      43.65,
      42.3,
      50
    ],
    [
      16.2,
      11.7,
      8.8,
      12.4,
      0.0,
      48.2,
      51
    ],
    [
      17.3,
      12.6,
      7.0,
      28.6,
      43.4,
      49.3,
      52
    ],
    [
      10.3,
      8.45,
      6.2,
      47.7,
      32.65,
      45.7,
      53
    ],
    [
      11.35,
      11.4,
      6.0,
      46.65,
      1.2,
      45.6,
      54
    ],
    [
      13.6,
      9.85,
      7.2,
      44.4,
      31.25,
      51.900000000000006,
      55
    ],
    [
      10.1,
      13.95,
      7.8,
      47.9,
      0.0,
      51.6,
      56
    ],
    [
      11.35,
      10.55,
      6.2,
      16.3,
      31.75,
      33.4,
      57
    ],
    [
      17.45,
      10.2,
      10.2,
      26.95,
      45.8,
      56.3,
      58
    ],
    [
      8.3,
      13.6,
      8.8,
      4.1,
      17.2,
      40.199999999999996,
      59
    ],
    [
      14.3,
      14.05,
      6.2,
      0.0,
      0.0,
      57.4,
      60
    ],
    [
      14.6,
      19.25,
      10.1,
      14.3,
      13.95,
      55.8,
      61
    ],
    [
      14.3,
      12.1,
      9.8,
      43.7,
      33.2,
      59.10000000000001,
      62
    ],
    [
      14.3,
      12.1,
      9.8,
      0.0,
      0.0,
      63.6,
      63
    ],
    [
      19.5,
      14.05,
      10.1,
      38.5,
      13.95,
      46.6,
      64
    ],
    [
      13.0,
      17.85,
      9.6,
      0.0,
      31.75,
      50.699999999999996,
      65
    ],
    [
      20.95,
      14.3,
      16.6,
      28.9,
      13.95,
      56.7,
      66
    ],
    [
      14.1,
      19.15,
      10.3,
      0.0,
      28.25,
      60.3,
      67
    ],
    [
      14.1,
      19.15,
      10.3,
      29.6,
      36.85,
      66.5,
      68
    ],
    [
      20.85,
      17.1,
      9.2,
      0.0,
      28.25,
      70.6,
      69
    ],
    [
      16.2,
      13.7,
      10.3,
      41.8,
      0.25,
      59.4,
      70
    ],
    [
      16.1,
      11.55,
      9.1,
      41.9,
      2.4,
      69.7,
      71
    ],
    [
      16.1,
      11.55,
      9.1,
      14.3,
      2.4,
      57.0,
      72
    ]
  ],
  "statistics": {
    "packed_count": 72,
    "total_items": 100,
    "space_ratio": 0.531242762854064,
    "total_reward": 5.312427628540641,
    "timestamp": "2026-01-18T10:26:01.960475"
  }
}