{
  "episode": 22,
  "container_size": [
    58,
    56,
    80
  ],
  "cube_definition": [
    [
      11.5,
      15.05,
      5.1,
      46.5,
      0.0,
      0.0,
      1
    ],
    [
      11.5,
      15.05,
      5.1,
      0.0,
      40.95,
      0.0,
      2
    ],
    [
      11.9,
      15.2,
      5.1,
      0.0,
      0.0,
      0.0,
      3
    ],
    [
      22.3,
      18.85,
      3.8,
      24.2,
      0.0,
      0.0,
      4
    ],
    [
      11.35,
      15.05,
      5.8,
      11.9,
      15.05,
      0.0,
      5
    ],
    [
      11.05,
      8.55,
      7.0,
      46.95,
      47.45,
      0.0,
      6
    ],
    [
      15.25,
      10.1,
      8.1,
      31.25,
      0.0,
      3.8,
      7
    ],
    [
      10.9,
      15.65,
      8.6,
      47.1,
      0.0,
      5.1,
      8
    ],
    [
      17.55,
      16.35,
      11.1,
      11.5,
      31.1,
      0.0,
      9
    ],
    [
      17.75,
      11.7,
      5.5,
      29.35,
      0.0,
      11.899999999999999,
      10
    ],
    [
      22.95,
      17.9,
      9.2,
      29.05,
      18.85,
      0.0,
      11
    ],
    [
      11.45,
      18.55,
      8.2,
      35.65,
      11.7,
      9.2,
      12
    ],
    [
      14.5,
      17.8,
      5.2,
      32.45,
      36.75,
      0.0,
      13
    ],
    [
      15.65,
      13.35,
      6.5,
      42.35,
      42.65,
      7.0,
      14
    ],
    [
      15.4,
      15.5,
      13.1,
      13.65,
      15.6,
      5.8,
      15
    ],
    [
      12.8,
      16.8,
      9.2,
      29.55,
      36.75,
      5.2,
      16
    ],
    [
      14.5,
      15.0,
      12.2,
      29.05,
      41.0,
      14.399999999999999,
      17
    ],
    [
      13.8,
      19.45,
      7.6,
      15.25,
      31.1,
      11.1,
      18
    ],
    [
      14.45,
      10.95,
      10.2,
      14.6,
      31.1,
      18.7,
      19
    ],
    [
      13.7,
      15.0,
      5.8,
      29.05,
      0.0,
      17.4,
      20
    ],
    [
      11.75,
      16.5,
      8.7,
      43.55,
      39.5,
      13.5,
      21
    ],
    [
      11.55,
      5.85,
      13.9,
      2.1,
      0.0,
      5.1,
      22
    ],
    [
      10.15,
      15.8,
      8.1,
      1.35,
      5.85,
      5.1,
      23
    ],
    [
      9.8,
      20.45,
      6.2,
      0.0,
      35.55,
      5.1,
      24
    ],
    [
      15.55,
      11.7,
      6.3,
      13.5,
      19.4,
      18.9,
      25
    ],
    [
      15.2,
      19.55,
      8.2,
      29.05,
      19.95,
      17.4,
      26
    ],
    [
      10.45,
      17.55,
      6.0,
      3.05,
      38.45,
      11.3,
      27
    ],
    [
      10.5,
      17.4,
      6.0,
      47.5,
      0.0,
      13.7,
      28
    ],
    [
      12.3,
      18.95,
      8.1,
      0.0,
      31.1,
      17.3,
      29
    ],
    [
      15.75,
      11.85,
      7.2,
      0.0,
      42.05,
      25.4,
      30
    ],
    [
      21.9,
      14.2,
      10.7,
      29.05,
      0.0,
      23.2,
      31
    ],
    [
      10.7,
      14.4,
      7.5,
      43.55,
      41.6,
      22.2,
      32
    ],
    [
      18.05,
      10.25,
      10.8,
      25.5,
      45.75,
      26.599999999999998,
      33
    ],
    [
      9.3,
      16.55,
      11.8,
      15.75,
      14.2,
      25.2,
      34
    ],
    [
      17.15,
      8.25,
      8.3,
      8.35,
      30.75,
      28.9,
      35
    ],
    [
      12.4,
      16.6,
      8.5,
      45.6,
      39.4,
      29.7,
      36
    ],
    [
      15.0,
      14.8,
      12.1,
      28.55,
      14.2,
      25.599999999999998,
      37
    ],
    [
      16.5,
      16.4,
      10.2,
      0.0,
      39.6,
      32.6,
      38
    ],
    [
      11.2,
      15.8,
      10.4,
      46.8,
      40.2,
      38.2,
      39
    ],
    [
      14.2,
      8.6,
      4.3,
      29.35,
      37.15,
      26.599999999999998,
      40
    ],
    [
      17.45,
      12.9,
      8.7,
      11.1,
      17.85,
      37.0,
      41
    ],
    [
      14.25,
      21.2,
      13.8,
      0.0,
      34.8,
      42.8,
      42
    ],
    [
      15.5,
      14.3,
      11.8,
      28.55,
      41.7,
      37.4,
      43
    ],
    [
      14.3,
      15.5,
      11.8,
      0.0,
      40.5,
      56.599999999999994,
      44
    ],
    [
      13.4,
      22.05,
      10.7,
      14.25,
      18.15,
      45.7,
      45
    ],
    [
      22.05,
      13.4,
      10.7,
      0.0,
      42.6,
      68.39999999999999,
      46
    ],
    [
      10.1,
      14.2,
      7.6,
      27.65,
      41.8,
      49.2,
      47
    ],
    [
      11.35,
      16.0,
      9.2,
      46.65,
      40.0,
      48.6,
      48
    ],
    [
      15.75,
      9.75,
      11.0,
      0.0,
      0.0,
      19.0,
      49
    ],
    [
      15.0,
      11.35,
      5.3,
      0.0,
      0.0,
      30.0,
      50
    ],
    [
      11.35,
      14.8,
      5.2,
      43.55,
      0.0,
      33.9,
      51
    ],
    [
      15.0,
      12.05,
      5.0,
      0.0,
      0.0,
      35.3,
      52
    ],
    [
      16.45,
      11.75,
      9.0,
      22.05,
      44.25,
      56.800000000000004,
      53
    ],
    [
      17.55,
      10.1,
      11.2,
      40.45,
      45.9,
      57.8,
      54
    ],
    [
      14.35,
      7.7,
      9.7,
      28.55,
      14.8,
      37.699999999999996,
      55
    ],
    [
      11.55,
      14.25,
      8.9,
      22.05,
      41.75,
      65.80000000000001,
      56
    ],
    [
      15.5,
      9.65,
      9.3,
      0.0,
      0.0,
      40.3,
      57
    ],
    [
      14.95,
      11.95,
      5.2,
      0.0,
      0.0,
      49.599999999999994,
      58
    ],
    [
      14.5,
      10.55,
      7.5,
      32.15,
      22.5,
      37.699999999999996,
      59
    ],
    [
      14.6,
      9.95,
      6.0,
      32.05,
      22.5,
      45.199999999999996,
      60
    ],
    [
      9.95,
      14.6,
      6.0,
      14.25,
      25.4,
      56.400000000000006,
      61
    ],
    [
      9.8,
      11.85,
      15.2,
      33.75,
      0.0,
      33.9,
      62
    ],
    [
      11.85,
      9.8,
      15.2,
      0.0,
      0.0,
      54.8,
      63
    ],
    [
      9.25,
      15.2,
      9.0,
      48.75,
      40.8,
      69.0,
      64
    ],
    [
      27.9,
      19.95,
      7.5,
      27.65,
      0.0,
      49.099999999999994,
      65
    ],
    [
      19.6,
      9.75,
      6.8,
      24.2,
      0.0,
      56.599999999999994,
      66
    ],
    [
      15.85,
      9.35,
      9.1,
      42.15,
      9.75,
      56.599999999999994,
      67
    ],
    [
      11.2,
      14.95,
      9.1,
      14.3,
      19.1,
      62.400000000000006,
      68
    ],
    [
      10.1,
      13.7,
      8.2,
      32.05,
      0.0,
      63.39999999999999,
      69
    ],
    [
      19.3,
      15.4,
      14.9,
      27.65,
      19.95,
      51.199999999999996,
      70
    ]
  ],
  "statistics": {
    "packed_count": 70,
    "total_items": 100,
    "space_ratio": 0.4695394242610837,
    "total_reward": 4.695394242610838,
    "timestamp": "2026-01-18T08:26:14.569788"
  }
}